,dth_pack_price,no_of_channels,active_since,viewtime,subscription_status,dth_pack_HD,dth_pack_Standard,dth_pack_UHD,customer_class_Commercial,customer_class_Home,customer_class_Individual,ott_subscription_Amazon Prime Video,ott_subscription_Hulu,ott_subscription_Netflix,ott_subscription_None,ott_subscription_Other,pred_churn
9394,700,500,170,2,1,0,0,1,0,0,1,0,0,0,1,0,0
898,350,400,0,606,0,0,1,0,0,0,1,1,0,0,0,0,0
2398,700,500,0,1977,0,0,0,1,1,0,0,0,0,1,0,0,0
5906,350,400,268,17,1,0,1,0,0,0,1,0,1,0,0,0,0
2343,350,400,1492,177,1,0,1,0,0,1,0,0,0,1,0,0,0
8225,350,400,1184,253,1,0,1,0,0,0,1,0,0,1,0,0,0
5506,350,400,1389,118,1,0,1,0,0,0,1,1,0,0,0,0,0
6451,350,400,1659,562,1,0,1,0,0,1,0,0,0,1,0,0,0
2670,350,400,1840,52,1,0,1,0,0,0,1,0,0,0,0,1,0
3497,500,450,1947,540,1,1,0,0,0,0,1,0,0,0,0,1,0
1087,500,450,0,4842,0,1,0,0,0,0,1,1,0,0,0,0,0
1819,350,400,1047,119,1,0,1,0,0,0,1,0,0,0,0,1,0
2308,500,450,65,1,1,1,0,0,0,1,0,0,0,1,0,0,0
6084,500,450,0,4814,0,1,0,0,0,1,0,0,0,0,0,1,0
3724,350,400,328,6,1,0,1,0,0,0,1,0,1,0,0,0,0
3184,500,450,1113,318,1,1,0,0,0,1,0,0,0,0,1,0,0
6387,350,400,0,5570,0,0,1,0,0,0,1,0,0,1,0,0,0
3728,350,400,0,508,0,0,1,0,0,0,1,0,1,0,0,0,0
2702,500,450,858,76,1,1,0,0,0,0,1,0,0,1,0,0,0
7883,700,500,1760,583,1,0,0,1,0,0,1,0,0,0,1,0,0
2930,500,450,1598,477,1,1,0,0,1,0,0,0,0,1,0,0,0
5988,350,400,0,6766,0,0,1,0,1,0,0,0,0,0,0,1,0
4890,350,400,633,234,1,0,1,0,0,1,0,0,0,1,0,0,0
6718,350,400,783,372,1,0,1,0,0,1,0,1,0,0,0,0,0
5423,350,400,1661,42,1,0,1,0,0,0,1,1,0,0,0,0,0
3213,350,400,0,8312,0,0,1,0,0,0,1,0,0,0,1,0,1
3017,350,400,1056,280,1,0,1,0,0,1,0,0,0,0,0,1,0
382,350,400,376,125,1,0,1,0,0,0,1,0,1,0,0,0,0
4237,500,450,1917,784,1,1,0,0,0,0,1,0,0,1,0,0,0
4721,350,400,1300,26,1,0,1,0,0,1,0,0,1,0,0,0,0
9547,700,500,1068,341,1,0,0,1,1,0,0,1,0,0,0,0,0
9477,700,500,0,7094,0,0,0,1,0,1,0,0,0,1,0,0,0
4795,350,400,801,199,1,0,1,0,0,0,1,1,0,0,0,0,0
4747,700,500,1402,170,1,0,0,1,0,1,0,0,0,1,0,0,0
9366,350,400,113,38,1,0,1,0,0,0,1,0,0,0,1,0,0
5334,700,500,1420,195,1,0,0,1,0,0,1,0,0,0,1,0,0
6652,500,450,0,4770,0,1,0,0,0,0,1,0,0,0,0,1,0
9032,350,400,371,21,1,0,1,0,0,1,0,1,0,0,0,0,0
580,350,400,510,89,1,0,1,0,0,0,1,0,1,0,0,0,0
9491,350,400,0,2393,0,0,1,0,0,1,0,0,0,1,0,0,0
6526,700,500,0,1604,0,0,0,1,0,1,0,0,0,0,1,0,0
4346,350,400,0,8157,0,0,1,0,0,1,0,0,1,0,0,0,0
4974,500,450,931,15,1,1,0,0,0,0,1,1,0,0,0,0,0
7913,350,400,1245,193,1,0,1,0,0,1,0,1,0,0,0,0,0
5611,350,400,957,382,1,0,1,0,0,0,1,0,0,0,0,1,0
8480,500,450,984,146,1,1,0,0,0,1,0,1,0,0,0,0,0
6625,350,400,0,4339,0,0,1,0,0,0,1,1,0,0,0,0,0
5615,350,400,0,1390,0,0,1,0,0,0,1,0,0,0,1,0,0
5602,350,400,1014,145,1,0,1,0,0,0,1,0,0,1,0,0,0
4857,700,500,521,98,1,0,0,1,1,0,0,0,0,0,0,1,0
6734,350,400,810,359,1,0,1,0,1,0,0,0,0,0,0,1,0
8451,500,450,0,404,0,1,0,0,0,0,1,0,0,0,1,0,0
6332,350,400,1674,318,1,0,1,0,0,0,1,1,0,0,0,0,0
6798,350,400,1116,33,1,0,1,0,0,1,0,0,0,1,0,0,0
5313,500,450,1231,496,1,1,0,0,0,1,0,0,0,1,0,0,0
2821,350,400,1246,186,1,0,1,0,0,0,1,0,0,1,0,0,0
9300,350,400,1505,3,1,0,1,0,0,0,1,0,0,1,0,0,0
2375,350,400,1574,529,1,0,1,0,0,0,1,0,0,0,0,1,0
1478,350,400,1270,284,1,0,1,0,0,1,0,1,0,0,0,0,0
5013,350,400,1358,276,1,0,1,0,0,0,1,0,0,0,0,1,0
1559,350,400,260,85,1,0,1,0,0,1,0,0,0,1,0,0,0
8885,350,400,0,9696,0,0,1,0,0,1,0,1,0,0,0,0,0
3986,700,500,384,31,1,0,0,1,0,0,1,0,0,1,0,0,0
4429,350,400,0,6031,0,0,1,0,0,0,1,0,1,0,0,0,0
3951,350,400,703,329,1,0,1,0,0,0,1,0,0,0,1,0,0
2932,350,400,824,123,1,0,1,0,0,1,0,0,0,0,0,1,0
6419,500,450,1291,28,1,1,0,0,0,0,1,0,0,0,1,0,0
713,350,400,216,84,1,0,1,0,0,0,1,0,0,1,0,0,0
8089,350,400,1185,452,1,0,1,0,0,1,0,0,0,0,1,0,0
6058,350,400,0,9239,0,0,1,0,0,0,1,0,0,1,0,0,0
8711,500,450,1884,93,1,1,0,0,0,0,1,0,0,1,0,0,0
4185,350,400,277,61,1,0,1,0,0,0,1,0,0,1,0,0,0
4379,350,400,1565,408,1,0,1,0,0,0,1,0,0,0,0,1,0
7813,350,400,1258,291,1,0,1,0,0,0,1,0,0,0,0,1,0
843,350,400,0,3739,0,0,1,0,0,1,0,0,0,1,0,0,0
655,500,450,617,238,1,1,0,0,0,1,0,1,0,0,0,0,0
7219,700,500,593,155,1,0,0,1,0,0,1,0,0,1,0,0,0
982,350,400,1124,438,1,0,1,0,0,1,0,0,0,0,0,1,0
7439,350,400,1525,532,1,0,1,0,0,0,1,0,0,1,0,0,0
8894,350,400,465,61,1,0,1,0,1,0,0,0,0,0,0,1,0
598,500,450,0,7939,0,1,0,0,0,0,1,0,0,0,1,0,0
5350,350,400,1529,180,1,0,1,0,0,0,1,0,0,1,0,0,0
4221,350,400,636,6,1,0,1,0,0,1,0,0,0,1,0,0,0
1422,350,400,519,148,1,0,1,0,0,0,1,0,0,1,0,0,0
3646,350,400,0,5923,0,0,1,0,0,0,1,0,0,0,0,1,0
4387,500,450,0,4080,0,1,0,0,0,1,0,0,0,0,1,0,0
2606,350,400,644,184,1,0,1,0,0,0,1,0,1,0,0,0,0
4228,500,450,1736,85,1,1,0,0,0,0,1,0,0,1,0,0,0
1096,350,400,308,142,1,0,1,0,0,0,1,1,0,0,0,0,0
8940,350,400,1444,244,1,0,1,0,0,0,1,0,0,1,0,0,0
5814,350,400,0,2062,0,0,1,0,0,0,1,0,0,0,1,0,0
3706,350,400,332,26,1,0,1,0,0,1,0,0,0,0,1,0,0
2846,350,400,0,5749,0,0,1,0,1,0,0,0,0,1,0,0,0
467,700,500,1421,344,1,0,0,1,0,1,0,1,0,0,0,0,0
8314,350,400,0,7652,0,0,1,0,0,0,1,0,0,0,1,0,0
4595,500,450,0,2819,0,1,0,0,0,0,1,0,0,1,0,0,0
3725,350,400,1691,624,1,0,1,0,0,0,1,0,0,1,0,0,0
6450,700,500,1513,622,1,0,0,1,0,0,1,0,0,1,0,0,0
6846,350,400,1511,752,1,0,1,0,0,1,0,0,0,0,0,1,0
3891,350,400,1810,903,1,0,1,0,0,0,1,0,0,0,1,0,0
7407,700,500,0,1669,0,0,0,1,0,0,1,0,0,1,0,0,0
5892,350,400,1931,364,1,0,1,0,0,0,1,0,0,0,0,1,0
5301,350,400,0,5564,0,0,1,0,0,0,1,0,0,0,0,1,0
4808,350,400,490,212,1,0,1,0,0,1,0,1,0,0,0,0,0
8148,350,400,0,1083,0,0,1,0,0,1,0,0,1,0,0,0,0
3931,350,400,0,8820,0,0,1,0,0,1,0,0,0,0,0,1,0
9672,500,450,1508,509,1,1,0,0,0,0,1,0,1,0,0,0,0
1312,350,400,392,39,1,0,1,0,0,1,0,0,0,1,0,0,0
1942,500,450,765,314,1,1,0,0,0,0,1,0,0,1,0,0,0
841,350,400,506,127,1,0,1,0,0,1,0,0,1,0,0,0,0
5792,700,500,1049,107,1,0,0,1,0,0,1,0,0,0,1,0,0
3683,350,400,0,7806,0,0,1,0,0,0,1,0,0,1,0,0,0
8876,350,400,1591,521,1,0,1,0,0,0,1,0,0,0,0,1,0
5660,350,400,0,193,0,0,1,0,0,0,1,1,0,0,0,0,0
4447,500,450,0,2483,0,1,0,0,0,0,1,0,0,1,0,0,0
3066,350,400,0,4253,0,0,1,0,1,0,0,0,0,0,1,0,0
8135,350,400,918,366,1,0,1,0,1,0,0,0,1,0,0,0,0
5957,350,400,59,27,1,0,1,0,0,0,1,1,0,0,0,0,0
4678,350,400,1894,786,1,0,1,0,0,0,1,0,0,1,0,0,0
2869,350,400,1839,524,1,0,1,0,0,1,0,0,0,0,1,0,0
2535,350,400,0,5725,0,0,1,0,0,1,0,0,0,0,1,0,0
5482,350,400,1418,511,1,0,1,0,0,0,1,0,0,1,0,0,0
4302,350,400,0,9918,0,0,1,0,0,1,0,0,0,0,0,1,0
5608,350,400,0,454,0,0,1,0,1,0,0,0,0,1,0,0,0
7527,350,400,1854,156,1,0,1,0,0,1,0,0,0,0,1,0,0
1534,350,400,378,137,1,0,1,0,0,0,1,0,1,0,0,0,0
8110,700,500,1488,460,1,0,0,1,0,0,1,0,0,0,0,1,0
6699,350,400,301,74,1,0,1,0,0,0,1,1,0,0,0,0,0
4696,350,400,0,4606,0,0,1,0,0,1,0,0,0,0,0,1,0
2580,350,400,224,11,1,0,1,0,0,0,1,0,0,0,1,0,0
7178,500,450,1361,575,1,1,0,0,0,0,1,1,0,0,0,0,0
4644,350,400,919,1,1,0,1,0,0,0,1,0,0,0,0,1,0
4858,350,400,158,58,1,0,1,0,0,1,0,0,1,0,0,0,0
5946,350,400,1760,464,1,0,1,0,0,0,1,1,0,0,0,0,0
9822,350,400,0,802,0,0,1,0,0,0,1,0,0,0,1,0,0
4673,500,450,1335,574,1,1,0,0,0,0,1,0,0,1,0,0,0
3341,350,400,0,4358,0,0,1,0,0,0,1,0,0,0,1,0,0
1376,350,400,432,146,1,0,1,0,0,0,1,1,0,0,0,0,0
9320,350,400,635,24,1,0,1,0,0,1,0,0,0,1,0,0,0
6275,350,400,1366,386,1,0,1,0,0,0,1,0,0,1,0,0,0
1308,350,400,886,254,1,0,1,0,0,1,0,0,0,0,1,0,0
7569,350,400,1443,671,1,0,1,0,1,0,0,1,0,0,0,0,0
7358,350,400,1044,455,1,0,1,0,0,0,1,0,0,1,0,0,0
2252,350,400,0,9132,0,0,1,0,0,0,1,0,0,1,0,0,0
9892,700,500,0,8505,0,0,0,1,0,0,1,0,0,0,0,1,0
8830,700,500,0,1515,0,0,0,1,0,0,1,0,0,1,0,0,0
7980,350,400,0,8181,0,0,1,0,1,0,0,0,0,1,0,0,0
8850,500,450,1358,171,1,1,0,0,0,1,0,0,0,0,1,0,0
9345,350,400,1803,475,1,0,1,0,0,1,0,0,0,0,1,0,0
9276,350,400,183,8,1,0,1,0,1,0,0,0,0,1,0,0,0
521,350,400,1642,713,1,0,1,0,0,1,0,0,1,0,0,0,0
3232,350,400,339,86,1,0,1,0,0,0,1,0,0,0,1,0,0
226,500,450,1302,28,1,1,0,0,0,0,1,1,0,0,0,0,0
3953,350,400,0,3148,0,0,1,0,0,1,0,0,0,1,0,0,0
1427,500,450,371,160,1,1,0,0,0,0,1,0,0,0,1,0,0
8748,350,400,1322,344,1,0,1,0,0,1,0,0,0,0,1,0,0
8060,350,400,365,130,1,0,1,0,0,0,1,0,0,0,1,0,0
5525,350,400,0,173,0,0,1,0,0,0,1,0,1,0,0,0,0
167,350,400,318,124,1,0,1,0,0,0,1,1,0,0,0,0,0
1103,350,400,0,9675,0,0,1,0,0,0,1,1,0,0,0,0,0
9089,350,400,217,91,1,0,1,0,0,1,0,1,0,0,0,0,0
6759,350,400,1880,895,1,0,1,0,0,0,1,0,0,1,0,0,0
7648,500,450,215,18,1,1,0,0,0,1,0,1,0,0,0,0,0
5473,500,450,384,4,1,1,0,0,1,0,0,0,0,0,0,1,0
2376,350,400,1468,341,1,0,1,0,0,0,1,1,0,0,0,0,0
296,700,500,0,2815,0,0,0,1,0,0,1,0,0,0,1,0,0
1785,350,400,0,4002,0,0,1,0,0,1,0,0,0,1,0,0,0
7684,350,400,447,143,1,0,1,0,0,0,1,0,0,0,0,1,0
7174,500,450,1556,552,1,1,0,0,0,0,1,1,0,0,0,0,1
4700,350,400,0,2551,0,0,1,0,1,0,0,0,0,0,0,1,0
5657,350,400,914,42,1,0,1,0,0,0,1,0,1,0,0,0,0
6492,350,400,1839,875,1,0,1,0,0,1,0,0,0,0,0,1,0
7978,350,400,0,3839,0,0,1,0,0,0,1,0,0,0,1,0,0
1085,350,400,0,378,0,0,1,0,1,0,0,0,0,1,0,0,0
5888,500,450,791,212,1,1,0,0,0,0,1,1,0,0,0,0,0
9715,700,500,815,164,1,0,0,1,0,0,1,0,0,0,1,0,0
8057,700,500,0,3760,0,0,0,1,1,0,0,1,0,0,0,0,0
1402,700,500,0,9559,0,0,0,1,0,0,1,0,0,0,1,0,0
9827,350,400,1884,781,1,0,1,0,0,0,1,0,1,0,0,0,0
3977,350,400,0,1667,0,0,1,0,0,0,1,0,0,0,1,0,0
3652,350,400,1922,678,1,0,1,0,0,0,1,1,0,0,0,0,0
4456,500,450,0,6651,0,1,0,0,0,0,1,1,0,0,0,0,0
4912,700,500,0,1585,0,0,0,1,0,0,1,0,1,0,0,0,0
2579,700,500,13,1,1,0,0,1,0,0,1,1,0,0,0,0,0
2288,500,450,636,117,1,1,0,0,0,1,0,0,0,1,0,0,0
8301,350,400,853,260,1,0,1,0,0,0,1,0,0,0,0,1,0
2090,350,400,1393,540,1,0,1,0,0,1,0,0,0,1,0,0,0
5818,350,400,1980,738,1,0,1,0,0,1,0,0,0,0,0,1,0
2929,500,450,1355,401,1,1,0,0,0,0,1,1,0,0,0,0,0
256,350,400,957,309,1,0,1,0,1,0,0,0,0,1,0,0,0
3838,350,400,0,1903,0,0,1,0,0,0,1,1,0,0,0,0,0
6049,350,400,296,108,1,0,1,0,1,0,0,0,0,1,0,0,0
9862,350,400,697,172,1,0,1,0,0,0,1,0,0,1,0,0,0
4100,350,400,0,6357,0,0,1,0,0,1,0,0,1,0,0,0,0
7977,350,400,374,138,1,0,1,0,0,0,1,0,0,0,1,0,0
3039,350,400,0,5137,0,0,1,0,0,1,0,0,0,1,0,0,0
334,350,400,1414,152,1,0,1,0,1,0,0,0,1,0,0,0,0
7053,500,450,1943,252,1,1,0,0,0,0,1,0,0,1,0,0,0
9617,350,400,0,4713,0,0,1,0,0,0,1,0,0,0,1,0,0
6939,350,400,136,8,1,0,1,0,1,0,0,0,0,0,1,0,0
6768,350,400,1017,29,1,0,1,0,0,0,1,1,0,0,0,0,0
779,700,500,0,4871,0,0,0,1,0,1,0,1,0,0,0,0,0
4277,500,450,0,2012,0,1,0,0,0,0,1,0,0,0,1,0,0
1507,350,400,0,7187,0,0,1,0,0,1,0,0,0,0,1,0,0
3776,500,450,1423,617,1,1,0,0,1,0,0,0,0,1,0,0,0
2206,350,400,0,876,0,0,1,0,1,0,0,1,0,0,0,0,0
6836,700,500,0,8484,0,0,0,1,0,1,0,1,0,0,0,0,0
8461,500,450,1690,250,1,1,0,0,0,0,1,0,0,1,0,0,0
4430,350,400,0,3829,0,0,1,0,0,0,1,0,1,0,0,0,0
7923,350,400,1330,196,1,0,1,0,0,1,0,0,0,1,0,0,0
8249,350,400,0,6246,0,0,1,0,0,0,1,0,1,0,0,0,0
8447,700,500,0,8871,0,0,0,1,0,0,1,0,0,1,0,0,0
6061,700,500,0,1555,0,0,0,1,0,0,1,0,0,0,1,0,0
4643,350,400,1984,931,1,0,1,0,0,0,1,0,0,0,0,1,0
3546,350,400,1541,253,1,0,1,0,0,0,1,0,1,0,0,0,0
7176,350,400,1750,668,1,0,1,0,1,0,0,0,0,0,1,0,0
5141,350,400,0,4616,0,0,1,0,0,0,1,0,0,0,0,1,0
1261,350,400,1625,549,1,0,1,0,0,0,1,1,0,0,0,0,0
2128,350,400,1994,36,1,0,1,0,0,0,1,0,0,0,0,1,0
9748,350,400,1923,759,1,0,1,0,0,0,1,0,0,0,0,1,0
2849,700,500,0,3342,0,0,0,1,0,0,1,0,0,0,1,0,0
4168,350,400,0,4262,0,0,1,0,0,0,1,0,0,0,1,0,0
5355,350,400,359,67,1,0,1,0,0,1,0,0,1,0,0,0,0
992,350,400,1999,768,1,0,1,0,0,0,1,0,1,0,0,0,0
5498,350,400,611,275,1,0,1,0,0,0,1,0,0,0,0,1,0
6714,350,400,590,40,1,0,1,0,0,0,1,0,0,0,0,1,0
2054,500,450,949,45,1,1,0,0,0,0,1,0,0,0,1,0,0
9333,350,400,111,19,1,0,1,0,0,1,0,0,0,0,1,0,0
1536,350,400,1937,755,1,0,1,0,0,0,1,0,0,1,0,0,0
9071,350,400,506,28,1,0,1,0,0,1,0,1,0,0,0,0,0
487,350,400,940,454,1,0,1,0,0,1,0,0,0,0,1,0,0
9228,350,400,0,1078,0,0,1,0,0,0,1,0,0,0,0,1,0
7325,350,400,843,371,1,0,1,0,0,1,0,0,0,0,0,1,0
6005,500,450,1180,120,1,1,0,0,0,1,0,0,0,1,0,0,0
7230,500,450,246,68,1,1,0,0,0,0,1,0,0,1,0,0,0
7235,350,400,1429,686,1,0,1,0,1,0,0,0,0,0,0,1,0
2890,350,400,651,254,1,0,1,0,0,0,1,0,0,0,1,0,0
578,700,500,1346,60,1,0,0,1,1,0,0,0,0,1,0,0,0
651,350,400,1382,11,1,0,1,0,0,0,1,0,0,0,1,0,0
272,500,450,1929,470,1,1,0,0,1,0,0,0,0,0,1,0,0
8083,350,400,0,3118,0,0,1,0,0,0,1,1,0,0,0,0,0
7810,350,400,0,4949,0,0,1,0,0,0,1,0,0,0,1,0,0
1997,350,400,1580,95,1,0,1,0,1,0,0,0,0,0,0,1,0
7049,350,400,835,245,1,0,1,0,0,1,0,0,0,0,0,1,0
2436,350,400,1461,376,1,0,1,0,0,0,1,0,0,0,0,1,0
2006,350,400,0,4477,0,0,1,0,1,0,0,0,1,0,0,0,0
6877,350,400,0,5039,0,0,1,0,0,0,1,0,0,1,0,0,0
4608,350,400,999,453,1,0,1,0,0,0,1,0,1,0,0,0,0
7481,350,400,1744,720,1,0,1,0,0,0,1,0,0,1,0,0,0
1946,500,450,0,617,0,1,0,0,0,0,1,0,0,1,0,0,0
7415,500,450,0,7768,0,1,0,0,0,0,1,0,0,0,1,0,0
1201,350,400,0,2412,0,0,1,0,0,1,0,0,0,0,1,0,0
3813,350,400,557,243,1,0,1,0,0,0,1,0,0,0,1,0,0
4033,350,400,997,211,1,0,1,0,1,0,0,0,0,1,0,0,0
7473,350,400,0,3002,0,0,1,0,0,1,0,0,0,1,0,0,0
3667,350,400,1827,127,1,0,1,0,0,1,0,0,0,0,1,0,0
1730,350,400,1355,448,1,0,1,0,0,1,0,0,0,0,0,1,0
8709,350,400,732,131,1,0,1,0,0,0,1,0,0,1,0,0,0
5567,350,400,1527,718,1,0,1,0,0,1,0,0,0,0,0,1,0
6837,350,400,285,85,1,0,1,0,0,1,0,0,0,1,0,0,0
3812,350,400,0,5106,0,0,1,0,0,0,1,0,0,0,0,1,0
6740,350,400,1822,187,1,0,1,0,0,0,1,1,0,0,0,0,0
4676,500,450,1953,896,1,1,0,0,0,0,1,0,0,1,0,0,0
1283,350,400,1134,377,1,0,1,0,0,0,1,0,0,0,0,1,0
1455,500,450,516,149,1,1,0,0,0,0,1,0,0,1,0,0,0
5322,350,400,286,59,1,0,1,0,0,0,1,0,0,1,0,0,0
9792,350,400,1447,420,1,0,1,0,0,0,1,0,0,0,1,0,0
190,500,450,0,7347,0,1,0,0,0,0,1,0,0,0,0,1,0
4645,350,400,0,4658,0,0,1,0,0,0,1,1,0,0,0,0,0
565,700,500,1048,483,1,0,0,1,0,0,1,1,0,0,0,0,0
2501,700,500,1985,392,1,0,0,1,0,0,1,0,0,1,0,0,0
9368,350,400,0,345,0,0,1,0,0,1,0,0,0,0,1,0,0
48,700,500,0,5919,0,0,0,1,0,0,1,1,0,0,0,0,0
1611,350,400,1574,263,1,0,1,0,0,0,1,1,0,0,0,0,0
9482,350,400,1229,567,1,0,1,0,0,0,1,0,1,0,0,0,0
6821,350,400,0,9763,0,0,1,0,0,0,1,0,0,1,0,0,0
2043,350,400,1519,366,1,0,1,0,0,0,1,1,0,0,0,0,0
377,350,400,363,103,1,0,1,0,0,1,0,0,0,1,0,0,0
4413,350,400,1997,724,1,0,1,0,1,0,0,1,0,0,0,0,0
5607,500,450,1985,521,1,1,0,0,0,1,0,0,0,0,1,0,1
4087,500,450,0,9907,0,1,0,0,1,0,0,0,0,1,0,0,1
6755,350,400,0,3025,0,0,1,0,0,0,1,0,0,0,0,1,0
1495,350,400,0,9612,0,0,1,0,0,0,1,0,0,1,0,0,0
2081,350,400,0,817,0,0,1,0,0,1,0,0,0,1,0,0,0
7612,700,500,94,46,1,0,0,1,0,0,1,0,0,0,0,1,0
2201,500,450,1047,56,1,1,0,0,0,0,1,0,0,1,0,0,0
1382,350,400,0,1620,0,0,1,0,0,0,1,0,1,0,0,0,0
8960,350,400,900,347,1,0,1,0,0,0,1,1,0,0,0,0,0
4737,500,450,76,3,1,1,0,0,0,0,1,0,0,0,1,0,0
6948,350,400,356,58,1,0,1,0,0,0,1,0,0,1,0,0,0
3086,500,450,0,1826,0,1,0,0,0,1,0,0,1,0,0,0,0
4339,500,450,0,2229,0,1,0,0,0,0,1,0,0,0,1,0,0
8339,350,400,1564,134,1,0,1,0,0,0,1,0,0,0,0,1,0
6152,350,400,1367,59,1,0,1,0,0,0,1,0,0,0,0,1,0
5461,350,400,574,268,1,0,1,0,0,1,0,0,0,1,0,0,0
7805,350,400,1949,971,1,0,1,0,0,1,0,0,1,0,0,0,0
5228,700,500,0,2930,0,0,0,1,0,0,1,0,0,1,0,0,0
2685,350,400,1252,76,1,0,1,0,0,0,1,0,0,0,1,0,0
5725,500,450,0,8700,0,1,0,0,0,0,1,1,0,0,0,0,0
8051,350,400,1241,229,1,0,1,0,0,1,0,0,0,0,1,0,0
7655,350,400,0,9767,0,0,1,0,0,0,1,0,0,1,0,0,0
8544,350,400,0,5484,0,0,1,0,0,0,1,0,0,0,0,1,0
4007,350,400,894,27,1,0,1,0,0,0,1,0,0,0,1,0,0
8195,700,500,0,3186,0,0,0,1,0,0,1,1,0,0,0,0,0
6985,500,450,0,2321,0,1,0,0,0,0,1,0,0,1,0,0,0
9698,350,400,343,34,1,0,1,0,0,1,0,0,0,1,0,0,0
6488,700,500,960,372,1,0,0,1,0,1,0,0,0,1,0,0,0
2587,350,400,1531,357,1,0,1,0,0,0,1,1,0,0,0,0,0
8221,350,400,651,177,1,0,1,0,0,0,1,0,0,1,0,0,0
4534,350,400,1957,449,1,0,1,0,0,1,0,0,0,1,0,0,0
5416,700,500,628,291,1,0,0,1,0,1,0,1,0,0,0,0,0
2284,350,400,0,7894,0,0,1,0,0,0,1,1,0,0,0,0,0
3358,350,400,540,114,1,0,1,0,0,1,0,0,0,1,0,0,0
834,350,400,0,5103,0,0,1,0,0,0,1,0,0,1,0,0,0
5667,700,500,0,917,0,0,0,1,0,0,1,0,0,0,1,0,0
8046,350,400,0,5861,0,0,1,0,0,0,1,0,0,0,1,0,0
3169,350,400,0,5494,0,0,1,0,0,0,1,0,0,0,1,0,0
8018,350,400,915,213,1,0,1,0,0,0,1,0,0,0,0,1,0
555,350,400,216,6,1,0,1,0,0,1,0,0,0,0,1,0,0
265,350,400,1786,593,1,0,1,0,0,0,1,1,0,0,0,0,0
3637,500,450,1345,247,1,1,0,0,0,0,1,1,0,0,0,0,0
1109,500,450,1759,705,1,1,0,0,0,0,1,1,0,0,0,0,0
7346,350,400,1374,402,1,0,1,0,0,0,1,0,0,0,0,1,0
7457,350,400,0,5428,0,0,1,0,1,0,0,1,0,0,0,0,0
159,350,400,618,148,1,0,1,0,0,1,0,0,0,0,1,0,0
1106,350,400,857,415,1,0,1,0,0,0,1,0,0,1,0,0,0
230,350,400,956,281,1,0,1,0,0,0,1,0,0,1,0,0,0
7467,700,500,0,3011,0,0,0,1,0,1,0,0,0,1,0,0,0
6642,350,400,0,3854,0,0,1,0,0,0,1,0,0,0,0,1,0
9802,350,400,497,59,1,0,1,0,0,0,1,1,0,0,0,0,0
3071,350,400,941,246,1,0,1,0,1,0,0,0,0,0,1,0,0
9543,350,400,79,35,1,0,1,0,0,1,0,0,0,0,1,0,0
7070,350,400,1935,713,1,0,1,0,0,0,1,0,0,0,0,1,0
9520,500,450,843,355,1,1,0,0,0,0,1,0,0,1,0,0,0
4813,350,400,1058,467,1,0,1,0,0,0,1,0,1,0,0,0,0
7854,350,400,125,54,1,0,1,0,0,0,1,0,0,1,0,0,0
2113,350,400,1728,113,1,0,1,0,0,1,0,0,0,0,1,0,0
2585,350,400,1828,492,1,0,1,0,0,0,1,0,0,0,1,0,0
1824,350,400,176,8,1,0,1,0,1,0,0,0,0,0,1,0,0
1813,350,400,1483,709,1,0,1,0,0,1,0,0,1,0,0,0,0
8310,350,400,1529,531,1,0,1,0,0,0,1,0,0,1,0,0,0
4520,500,450,1720,605,1,1,0,0,0,0,1,0,0,1,0,0,0
4568,350,400,1016,110,1,0,1,0,0,0,1,0,0,1,0,0,0
7037,350,400,246,104,1,0,1,0,0,1,0,1,0,0,0,0,0
3585,350,400,153,53,1,0,1,0,1,0,0,0,0,1,0,0,0
2007,350,400,633,187,1,0,1,0,0,1,0,0,0,0,0,1,0
8849,350,400,1794,819,1,0,1,0,0,0,1,0,0,1,0,0,0
125,700,500,647,229,1,0,0,1,0,0,1,0,0,1,0,0,0
1149,350,400,0,7537,0,0,1,0,1,0,0,1,0,0,0,0,0
9098,350,400,1116,483,1,0,1,0,1,0,0,0,0,1,0,0,0
1121,500,450,252,15,1,1,0,0,0,0,1,0,0,0,1,0,0
247,350,400,192,50,1,0,1,0,0,0,1,0,0,1,0,0,0
9371,350,400,0,6625,0,0,1,0,0,1,0,0,0,0,1,0,0
2092,700,500,0,8405,0,0,0,1,0,1,0,0,1,0,0,0,0
9534,350,400,633,131,1,0,1,0,0,0,1,0,0,1,0,0,0
5235,350,400,895,309,1,0,1,0,1,0,0,0,0,0,1,0,0
3274,350,400,0,3368,0,0,1,0,0,0,1,0,0,0,1,0,0
6552,500,450,105,20,1,1,0,0,0,1,0,0,0,0,1,0,0
9970,500,450,990,79,1,1,0,0,1,0,0,1,0,0,0,0,0
693,350,400,661,180,1,0,1,0,0,0,1,1,0,0,0,0,0
5367,500,450,1039,511,1,1,0,0,0,0,1,0,0,0,0,1,0
5053,350,400,1599,585,1,0,1,0,0,0,1,0,0,0,0,1,0
9298,500,450,1409,549,1,1,0,0,0,0,1,1,0,0,0,0,0
499,500,450,1904,690,1,1,0,0,0,0,1,0,0,0,1,0,0
7398,350,400,0,8060,0,0,1,0,0,0,1,0,0,0,1,0,0
6575,500,450,900,204,1,1,0,0,1,0,0,0,0,1,0,0,0
5777,350,400,42,12,1,0,1,0,0,0,1,0,0,1,0,0,0
8726,350,400,896,433,1,0,1,0,0,0,1,0,0,0,1,0,0
5741,350,400,1154,499,1,0,1,0,1,0,0,0,0,0,1,0,0
2183,350,400,544,203,1,0,1,0,0,0,1,0,0,0,0,1,0
1176,350,400,786,287,1,0,1,0,0,0,1,1,0,0,0,0,0
5529,500,450,0,9192,0,1,0,0,0,1,0,0,0,0,1,0,0
1029,350,400,147,61,1,0,1,0,1,0,0,0,1,0,0,0,0
4945,350,400,1597,500,1,0,1,0,0,1,0,0,0,1,0,0,0
6425,500,450,881,372,1,1,0,0,1,0,0,0,0,1,0,0,0
3932,350,400,712,65,1,0,1,0,0,0,1,1,0,0,0,0,0
3181,350,400,164,7,1,0,1,0,0,0,1,0,0,0,0,1,0
528,350,400,391,66,1,0,1,0,0,0,1,0,0,0,1,0,0
3850,350,400,0,4988,0,0,1,0,0,0,1,0,0,0,0,1,0
6665,700,500,0,8191,0,0,0,1,0,0,1,1,0,0,0,0,0
9416,350,400,766,149,1,0,1,0,0,0,1,1,0,0,0,0,0
3222,700,500,1174,559,1,0,0,1,0,0,1,0,0,1,0,0,0
2017,500,450,1655,283,1,1,0,0,1,0,0,0,0,0,1,0,0
9151,500,450,0,6564,0,1,0,0,0,0,1,0,0,0,1,0,0
3402,700,500,1501,665,1,0,0,1,0,0,1,0,0,1,0,0,0
7509,500,450,0,6636,0,1,0,0,0,0,1,0,0,0,0,1,0
6412,350,400,124,24,1,0,1,0,1,0,0,0,0,0,1,0,0
4752,350,400,1654,19,1,0,1,0,1,0,0,0,1,0,0,0,0
6561,350,400,1355,104,1,0,1,0,0,0,1,0,0,0,0,1,0
1748,500,450,1134,82,1,1,0,0,0,0,1,0,0,0,1,0,0
6591,350,400,321,73,1,0,1,0,0,0,1,0,0,0,1,0,0
3147,350,400,1022,324,1,0,1,0,0,1,0,0,0,0,1,0,0
2036,350,400,882,358,1,0,1,0,0,0,1,0,0,1,0,0,0
9,350,400,0,6049,0,0,1,0,0,0,1,0,0,0,1,0,0
5121,700,500,1256,374,1,0,0,1,0,0,1,0,1,0,0,0,0
3374,700,500,765,369,1,0,0,1,0,0,1,0,0,0,1,0,0
6027,350,400,497,122,1,0,1,0,0,1,0,0,1,0,0,0,0
5523,700,500,1401,677,1,0,0,1,0,0,1,0,0,0,0,1,0
5505,350,400,1731,766,1,0,1,0,0,1,0,0,0,0,0,1,0
8362,500,450,1512,85,1,1,0,0,0,0,1,1,0,0,0,0,0
2817,500,450,1546,240,1,1,0,0,0,0,1,0,0,0,1,0,0
3114,350,400,129,49,1,0,1,0,0,1,0,0,0,1,0,0,0
2734,350,400,1899,514,1,0,1,0,0,0,1,0,0,0,1,0,0
7892,350,400,1019,273,1,0,1,0,0,1,0,1,0,0,0,0,0
1132,350,400,417,84,1,0,1,0,0,1,0,0,0,0,1,0,0
2268,350,400,317,63,1,0,1,0,0,0,1,0,0,0,1,0,0
2506,500,450,0,1681,0,1,0,0,0,0,1,1,0,0,0,0,0
201,350,400,1622,434,1,0,1,0,0,0,1,1,0,0,0,0,0
8330,500,450,0,9526,0,1,0,0,0,0,1,0,0,0,1,0,0
8185,350,400,1092,442,1,0,1,0,0,1,0,0,0,0,0,1,0
5891,350,400,1705,389,1,0,1,0,0,0,1,1,0,0,0,0,0
7945,350,400,0,6585,0,0,1,0,1,0,0,0,0,1,0,0,0
221,500,450,902,237,1,1,0,0,0,1,0,0,0,0,1,0,0
454,350,400,1403,322,1,0,1,0,1,0,0,0,0,1,0,0,0
242,350,400,278,107,1,0,1,0,0,1,0,1,0,0,0,0,0
2892,350,400,770,367,1,0,1,0,0,0,1,0,0,0,1,0,0
7731,350,400,834,277,1,0,1,0,1,0,0,0,1,0,0,0,0
4254,350,400,1263,78,1,0,1,0,0,0,1,1,0,0,0,0,0
6712,350,400,421,66,1,0,1,0,0,0,1,0,0,0,0,1,0
3828,350,400,172,79,1,0,1,0,0,1,0,0,0,0,1,0,0
8655,700,500,78,7,1,0,0,1,1,0,0,1,0,0,0,0,0
1095,350,400,1515,197,1,0,1,0,0,1,0,0,0,1,0,0,0
8006,350,400,290,15,1,0,1,0,1,0,0,1,0,0,0,0,0
42,350,400,0,9106,0,0,1,0,0,0,1,0,0,0,0,1,0
5868,350,400,1050,244,1,0,1,0,1,0,0,0,1,0,0,0,0
154,500,450,128,13,1,1,0,0,0,1,0,0,0,0,0,1,0
6694,500,450,583,106,1,1,0,0,0,0,1,0,0,1,0,0,0
8132,500,450,0,5138,0,1,0,0,0,0,1,0,0,1,0,0,0
6685,350,400,1118,384,1,0,1,0,0,1,0,0,0,1,0,0,0
1379,500,450,1565,90,1,1,0,0,0,0,1,0,0,0,1,0,0
6041,500,450,57,21,1,1,0,0,0,0,1,0,0,0,0,1,0
4757,500,450,938,365,1,1,0,0,0,0,1,0,0,0,1,0,0
8072,350,400,192,7,1,0,1,0,0,0,1,0,0,1,0,0,0
4546,500,450,82,9,1,1,0,0,0,0,1,1,0,0,0,0,0
9693,350,400,1908,207,1,0,1,0,0,0,1,0,0,0,0,1,0
1593,700,500,1677,508,1,0,0,1,0,0,1,0,0,1,0,0,0
9262,350,400,1978,162,1,0,1,0,0,0,1,0,0,1,0,0,0
7699,350,400,513,73,1,0,1,0,0,0,1,0,0,1,0,0,0
176,500,450,0,8676,0,1,0,0,0,0,1,0,0,0,1,0,0
9334,500,450,213,15,1,1,0,0,1,0,0,0,1,0,0,0,0
3696,350,400,100,29,1,0,1,0,0,0,1,0,0,1,0,0,0
3140,350,400,0,9433,0,0,1,0,0,0,1,0,0,1,0,0,0
3079,700,500,0,6161,0,0,0,1,0,0,1,0,0,0,1,0,0
3981,350,400,111,24,1,0,1,0,0,0,1,1,0,0,0,0,0
8276,500,450,329,35,1,1,0,0,1,0,0,0,0,1,0,0,0
8845,350,400,0,1436,0,0,1,0,0,0,1,1,0,0,0,0,0
7602,350,400,401,141,1,0,1,0,0,1,0,0,0,0,1,0,0
6968,700,500,0,9340,0,0,0,1,1,0,0,0,0,0,1,0,0
3118,350,400,1974,511,1,0,1,0,0,1,0,0,0,1,0,0,1
2613,350,400,1539,109,1,0,1,0,0,1,0,1,0,0,0,0,0
6825,700,500,493,33,1,0,0,1,0,1,0,0,0,1,0,0,0
6748,500,450,0,8088,0,1,0,0,0,1,0,0,0,1,0,0,0
2434,350,400,1606,314,1,0,1,0,0,1,0,0,0,0,1,0,0
7450,700,500,60,16,1,0,0,1,1,0,0,0,0,0,0,1,0
1645,350,400,0,5685,0,0,1,0,0,0,1,0,1,0,0,0,0
189,350,400,0,2839,0,0,1,0,0,0,1,1,0,0,0,0,0
4135,350,400,1696,495,1,0,1,0,0,0,1,0,0,0,0,1,0
3510,350,400,1511,287,1,0,1,0,0,0,1,0,0,0,1,0,0
9054,350,400,684,7,1,0,1,0,0,0,1,0,1,0,0,0,0
9983,500,450,0,3192,0,1,0,0,0,0,1,0,0,0,0,1,0
4214,500,450,1952,519,1,1,0,0,0,0,1,0,0,0,1,0,0
8789,350,400,0,4473,0,0,1,0,0,0,1,1,0,0,0,0,0
1644,350,400,1250,469,1,0,1,0,0,0,1,0,0,1,0,0,0
8034,350,400,1529,716,1,0,1,0,0,1,0,0,0,1,0,0,0
5186,350,400,211,22,1,0,1,0,0,0,1,0,0,0,0,1,0
4001,350,400,1847,42,1,0,1,0,0,1,0,0,0,1,0,0,0
3100,350,400,1734,147,1,0,1,0,1,0,0,0,1,0,0,0,0
5686,350,400,1976,356,1,0,1,0,0,1,0,0,0,0,0,1,1
8128,350,400,1450,16,1,0,1,0,0,1,0,0,0,0,1,0,0
8259,700,500,426,92,1,0,0,1,0,1,0,0,0,0,1,0,0
2411,350,400,1259,501,1,0,1,0,0,0,1,0,0,0,1,0,0
7062,500,450,1738,637,1,1,0,0,0,0,1,0,0,0,1,0,0
7577,700,500,0,9222,0,0,0,1,0,0,1,0,0,0,0,1,0
8662,350,400,1308,589,1,0,1,0,0,0,1,0,0,1,0,0,0
6554,350,400,129,15,1,0,1,0,0,0,1,0,0,1,0,0,0
3368,700,500,529,179,1,0,0,1,0,0,1,0,0,0,1,0,0
597,350,400,635,143,1,0,1,0,0,0,1,1,0,0,0,0,0
2476,700,500,127,47,1,0,0,1,0,1,0,0,0,0,1,0,0
8204,350,400,1859,508,1,0,1,0,0,0,1,1,0,0,0,0,0
3790,350,400,1732,864,1,0,1,0,0,0,1,0,0,0,1,0,0
5034,350,400,309,134,1,0,1,0,1,0,0,0,0,1,0,0,0
4501,500,450,66,8,1,1,0,0,0,0,1,0,0,0,1,0,0
7986,350,400,1532,138,1,0,1,0,1,0,0,0,0,1,0,0,0
6046,350,400,1939,171,1,0,1,0,0,1,0,0,1,0,0,0,0
5399,700,500,145,57,1,0,0,1,1,0,0,0,0,1,0,0,0
8734,500,450,1681,490,1,1,0,0,0,0,1,0,0,0,0,1,0
994,350,400,1734,716,1,0,1,0,0,1,0,0,0,1,0,0,0
5562,350,400,1542,764,1,0,1,0,0,0,1,0,0,1,0,0,0
6376,350,400,1784,24,1,0,1,0,0,1,0,0,0,0,1,0,0
2784,350,400,0,7980,0,0,1,0,1,0,0,0,0,0,1,0,0
1468,350,400,1410,52,1,0,1,0,0,1,0,0,0,1,0,0,0
5232,350,400,196,46,1,0,1,0,0,0,1,0,0,0,1,0,0
3065,350,400,914,159,1,0,1,0,0,0,1,0,0,0,1,0,0
4490,350,400,96,3,1,0,1,0,0,0,1,0,0,0,0,1,0
2500,500,450,0,7767,0,1,0,0,0,0,1,0,0,0,1,0,0
8938,350,400,907,353,1,0,1,0,0,0,1,0,0,1,0,0,0
9291,350,400,1440,654,1,0,1,0,0,1,0,0,0,0,1,0,0
491,350,400,1805,37,1,0,1,0,0,0,1,0,0,0,0,1,0
2021,700,500,1433,510,1,0,0,1,0,0,1,0,1,0,0,0,0
4299,350,400,944,390,1,0,1,0,0,1,0,0,0,0,1,0,0
799,350,400,1743,614,1,0,1,0,0,1,0,0,1,0,0,0,0
1069,350,400,1534,685,1,0,1,0,0,0,1,0,0,1,0,0,0
8410,500,450,0,1223,0,1,0,0,0,0,1,0,0,0,0,1,0
9436,350,400,1354,170,1,0,1,0,0,0,1,0,1,0,0,0,0
5099,350,400,473,72,1,0,1,0,0,0,1,0,0,0,1,0,0
2227,350,400,1145,25,1,0,1,0,0,0,1,0,0,1,0,0,0
462,350,400,509,152,1,0,1,0,0,1,0,0,0,0,0,1,0
5794,350,400,454,84,1,0,1,0,0,0,1,0,1,0,0,0,0
7359,500,450,0,8338,0,1,0,0,0,0,1,1,0,0,0,0,0
9213,350,400,0,3813,0,0,1,0,1,0,0,0,0,0,1,0,0
3566,350,400,195,67,1,0,1,0,0,0,1,0,0,1,0,0,0
4539,350,400,0,582,0,0,1,0,0,0,1,0,0,1,0,0,0
836,350,400,650,123,1,0,1,0,0,0,1,0,0,0,1,0,0
8562,700,500,402,20,1,0,0,1,1,0,0,0,1,0,0,0,0
1761,350,400,1607,351,1,0,1,0,0,0,1,1,0,0,0,0,0
2948,500,450,0,5162,0,1,0,0,0,0,1,0,0,0,0,1,0
4558,500,450,611,10,1,1,0,0,0,1,0,0,0,1,0,0,0
6353,700,500,295,71,1,0,0,1,0,0,1,0,0,0,1,0,0
9750,500,450,1673,453,1,1,0,0,0,0,1,0,0,1,0,0,0
9474,350,400,1022,298,1,0,1,0,0,0,1,0,1,0,0,0,0
4848,350,400,0,5490,0,0,1,0,0,0,1,1,0,0,0,0,0
3030,500,450,683,234,1,1,0,0,0,0,1,0,0,1,0,0,0
8899,350,400,552,199,1,0,1,0,0,0,1,1,0,0,0,0,0
3842,350,400,0,5342,0,0,1,0,0,1,0,0,0,0,0,1,0
3456,700,500,1261,341,1,0,0,1,0,0,1,0,0,0,1,0,0
1835,700,500,178,59,1,0,0,1,1,0,0,1,0,0,0,0,0
6721,500,450,1234,79,1,1,0,0,0,0,1,0,0,0,1,0,0
8754,350,400,410,6,1,0,1,0,0,0,1,0,0,1,0,0,0
8643,500,450,1209,240,1,1,0,0,0,0,1,0,0,0,1,0,0
2193,350,400,1946,118,1,0,1,0,0,0,1,0,0,0,0,1,0
9083,500,450,1035,5,1,1,0,0,0,0,1,0,1,0,0,0,0
2639,350,400,181,48,1,0,1,0,0,0,1,0,0,0,1,0,0
2031,350,400,1483,366,1,0,1,0,0,1,0,0,1,0,0,0,0
7188,350,400,1029,456,1,0,1,0,0,1,0,0,0,0,0,1,0
3856,350,400,748,134,1,0,1,0,0,0,1,1,0,0,0,0,0
119,350,400,0,2138,0,0,1,0,0,0,1,0,0,0,0,1,0
2620,700,500,0,7526,0,0,0,1,0,0,1,0,0,1,0,0,0
4855,350,400,1788,15,1,0,1,0,1,0,0,0,0,1,0,0,0
424,500,450,0,1290,0,1,0,0,0,0,1,0,0,0,0,1,0
9517,500,450,1779,640,1,1,0,0,0,1,0,1,0,0,0,0,0
4055,500,450,561,247,1,1,0,0,0,0,1,1,0,0,0,0,0
7722,350,400,1306,180,1,0,1,0,0,0,1,0,0,0,0,1,0
3990,350,400,0,8683,0,0,1,0,0,1,0,0,0,1,0,0,0
320,700,500,0,6999,0,0,0,1,0,0,1,0,0,0,0,1,0
8724,350,400,577,98,1,0,1,0,0,0,1,0,0,1,0,0,0
9204,350,400,1655,626,1,0,1,0,0,1,0,0,0,0,1,0,0
4653,500,450,13,4,1,1,0,0,0,0,1,0,0,0,0,1,0
2754,500,450,1981,646,1,1,0,0,0,0,1,0,0,0,1,0,0
7610,500,450,441,105,1,1,0,0,0,1,0,1,0,0,0,0,0
6756,350,400,919,185,1,0,1,0,1,0,0,0,0,0,0,1,0
2972,350,400,1028,485,1,0,1,0,0,1,0,0,0,1,0,0,0
4392,350,400,1508,566,1,0,1,0,0,0,1,0,0,0,0,1,0
8117,350,400,0,2751,0,0,1,0,0,1,0,0,0,1,0,0,0
9230,350,400,348,85,1,0,1,0,0,1,0,0,0,1,0,0,0
7991,350,400,1622,774,1,0,1,0,0,1,0,0,0,1,0,0,0
9335,350,400,0,6037,0,0,1,0,0,1,0,1,0,0,0,0,0
1454,350,400,119,39,1,0,1,0,0,0,1,0,0,0,1,0,0
1167,350,400,0,5396,0,0,1,0,0,1,0,0,0,0,0,1,0
5561,350,400,771,38,1,0,1,0,0,1,0,0,0,1,0,0,0
3023,350,400,750,74,1,0,1,0,0,1,0,0,0,1,0,0,0
5010,700,500,0,7390,0,0,0,1,0,0,1,1,0,0,0,0,0
3594,350,400,441,189,1,0,1,0,1,0,0,0,0,1,0,0,0
6902,350,400,80,5,1,0,1,0,0,1,0,0,0,1,0,0,0
8098,350,400,1067,155,1,0,1,0,0,0,1,0,0,1,0,0,0
6883,350,400,0,8949,0,0,1,0,0,0,1,0,0,1,0,0,0
4639,500,450,473,71,1,1,0,0,0,0,1,0,0,1,0,0,0
36,350,400,1076,222,1,0,1,0,0,0,1,0,0,1,0,0,0
9691,350,400,0,8659,0,0,1,0,1,0,0,0,0,0,0,1,0
9980,350,400,0,1230,0,0,1,0,0,1,0,0,0,0,0,1,0
9616,500,450,1537,562,1,1,0,0,0,0,1,0,0,0,1,0,0
8750,350,400,1585,636,1,0,1,0,0,1,0,0,0,0,0,1,0
920,350,400,1322,166,1,0,1,0,0,0,1,0,0,0,0,1,0
9946,500,450,90,18,1,1,0,0,0,1,0,0,0,1,0,0,0
4166,500,450,1815,472,1,1,0,0,0,0,1,0,0,1,0,0,0
121,350,400,0,5651,0,0,1,0,0,0,1,1,0,0,0,0,0
9742,700,500,590,23,1,0,0,1,0,0,1,1,0,0,0,0,0
8488,500,450,0,1006,0,1,0,0,0,0,1,0,0,0,1,0,0
5425,350,400,1743,607,1,0,1,0,0,1,0,0,0,0,1,0,0
5447,350,400,828,133,1,0,1,0,0,0,1,0,0,1,0,0,0
2124,350,400,1511,482,1,0,1,0,0,0,1,0,0,1,0,0,1
1351,350,400,1665,731,1,0,1,0,0,0,1,0,0,0,1,0,0
8780,350,400,1773,391,1,0,1,0,0,0,1,0,1,0,0,0,0
3431,350,400,0,3502,0,0,1,0,0,0,1,1,0,0,0,0,0
7149,350,400,34,9,1,0,1,0,0,0,1,0,0,1,0,0,0
692,350,400,1494,38,1,0,1,0,0,1,0,0,0,1,0,0,0
2032,350,400,950,247,1,0,1,0,1,0,0,0,1,0,0,0,0
2431,700,500,1981,141,1,0,0,1,0,0,1,1,0,0,0,0,0
1297,500,450,1125,142,1,1,0,0,0,1,0,1,0,0,0,0,0
6706,350,400,1459,704,1,0,1,0,0,0,1,0,1,0,0,0,0
9796,350,400,183,46,1,0,1,0,0,1,0,0,0,1,0,0,0
2569,700,500,0,4048,0,0,0,1,0,1,0,0,0,1,0,0,0
2530,350,400,1541,228,1,0,1,0,0,0,1,0,1,0,0,0,0
8187,350,400,0,6892,0,0,1,0,0,1,0,0,0,1,0,0,0
1654,500,450,45,19,1,1,0,0,0,1,0,0,0,0,1,0,0
9569,350,400,333,48,1,0,1,0,0,0,1,0,0,0,0,1,0
4492,700,500,0,8317,0,0,0,1,0,0,1,1,0,0,0,0,0
3636,700,500,902,58,1,0,0,1,0,0,1,1,0,0,0,0,0
5221,350,400,0,7967,0,0,1,0,0,1,0,1,0,0,0,0,0
7080,500,450,269,10,1,1,0,0,0,1,0,0,0,1,0,0,0
1514,350,400,767,139,1,0,1,0,1,0,0,0,0,0,0,1,0
150,500,450,551,139,1,1,0,0,0,0,1,0,0,0,0,1,0
2774,500,450,43,12,1,1,0,0,0,1,0,0,1,0,0,0,0
4064,350,400,1535,164,1,0,1,0,0,0,1,0,0,0,0,1,0
5122,500,450,1568,720,1,1,0,0,0,1,0,0,0,1,0,0,0
7982,350,400,1633,803,1,0,1,0,0,1,0,0,0,0,0,1,0
9133,350,400,1125,436,1,0,1,0,0,0,1,1,0,0,0,0,0
6277,350,400,1321,393,1,0,1,0,0,0,1,0,0,0,1,0,0
888,350,400,596,123,1,0,1,0,0,0,1,0,0,1,0,0,0
6810,350,400,726,66,1,0,1,0,0,1,0,1,0,0,0,0,0
7556,500,450,1104,543,1,1,0,0,1,0,0,0,0,1,0,0,0
4310,350,400,1681,426,1,0,1,0,0,1,0,1,0,0,0,0,0
2797,350,400,1140,101,1,0,1,0,1,0,0,0,0,0,0,1,0
9538,350,400,1116,32,1,0,1,0,0,0,1,0,0,1,0,0,0
7688,350,400,1454,165,1,0,1,0,0,0,1,0,1,0,0,0,0
2872,350,400,1210,373,1,0,1,0,0,1,0,0,0,0,1,0,0
4634,350,400,186,36,1,0,1,0,0,0,1,0,0,0,1,0,0
5134,350,400,0,8209,0,0,1,0,1,0,0,1,0,0,0,0,0
2550,700,500,400,196,1,0,0,1,0,0,1,1,0,0,0,0,0
4959,350,400,354,54,1,0,1,0,1,0,0,0,0,0,1,0,0
8412,350,400,1347,241,1,0,1,0,0,0,1,0,1,0,0,0,0
5764,350,400,1043,60,1,0,1,0,0,0,1,0,0,1,0,0,0
1766,500,450,1510,535,1,1,0,0,0,0,1,0,0,0,1,0,0
7297,350,400,0,3299,0,0,1,0,0,1,0,0,0,0,1,0,0
7432,350,400,925,440,1,0,1,0,0,0,1,0,0,0,0,1,0
4964,350,400,0,2531,0,0,1,0,0,0,1,0,0,1,0,0,0
9557,350,400,0,378,0,0,1,0,0,0,1,0,0,0,1,0,0
6651,500,450,650,224,1,1,0,0,0,0,1,0,0,0,0,1,0
44,700,500,486,195,1,0,0,1,0,0,1,1,0,0,0,0,0
3944,350,400,976,29,1,0,1,0,0,0,1,1,0,0,0,0,0
181,500,450,1549,607,1,1,0,0,0,0,1,0,0,0,0,1,0
5941,350,400,397,36,1,0,1,0,0,0,1,0,0,0,0,1,0
7499,350,400,0,1888,0,0,1,0,0,1,0,0,0,1,0,0,0
7857,350,400,0,468,0,0,1,0,0,0,1,0,0,1,0,0,0
6727,350,400,893,169,1,0,1,0,0,1,0,1,0,0,0,0,0
7065,350,400,0,5126,0,0,1,0,0,0,1,0,0,1,0,0,0
3051,350,400,0,2902,0,0,1,0,0,0,1,0,0,1,0,0,0
4298,500,450,1730,472,1,1,0,0,0,0,1,0,1,0,0,0,0
6520,350,400,1151,436,1,0,1,0,0,0,1,0,0,1,0,0,0
7041,350,400,590,146,1,0,1,0,1,0,0,0,0,0,0,1,0
1373,350,400,0,2352,0,0,1,0,0,0,1,0,0,0,1,0,0
8497,350,400,0,8183,0,0,1,0,0,0,1,0,0,1,0,0,0
8214,350,400,625,114,1,0,1,0,0,0,1,0,0,1,0,0,0
9189,350,400,0,3005,0,0,1,0,0,0,1,0,0,1,0,0,0
9934,350,400,1631,619,1,0,1,0,0,0,1,0,0,1,0,0,0
449,350,400,1335,534,1,0,1,0,0,0,1,0,0,0,1,0,0
1156,350,400,653,325,1,0,1,0,0,0,1,1,0,0,0,0,0
2137,350,400,1167,461,1,0,1,0,0,0,1,0,0,1,0,0,0
6667,350,400,1439,409,1,0,1,0,0,0,1,0,0,0,1,0,0
7780,350,400,0,1245,0,0,1,0,0,0,1,0,0,0,0,1,0
7061,500,450,1233,163,1,1,0,0,0,0,1,0,1,0,0,0,0
140,350,400,1491,697,1,0,1,0,0,1,0,0,0,1,0,0,0
2448,500,450,486,96,1,1,0,0,0,1,0,0,0,0,0,1,0
8251,500,450,452,24,1,1,0,0,0,0,1,0,1,0,0,0,0
4960,350,400,0,1383,0,0,1,0,0,0,1,0,0,0,0,1,0
9459,500,450,974,317,1,1,0,0,0,1,0,0,0,0,1,0,0
8302,700,500,1916,50,1,0,0,1,0,1,0,0,0,0,1,0,0
6020,350,400,934,432,1,0,1,0,0,0,1,0,0,1,0,0,0
5680,350,400,524,155,1,0,1,0,0,0,1,0,0,0,1,0,0
6848,350,400,143,26,1,0,1,0,0,0,1,0,0,0,1,0,0
1220,350,400,0,2805,0,0,1,0,0,1,0,0,0,0,0,1,0
665,700,500,820,161,1,0,0,1,1,0,0,0,0,0,1,0,0
3253,500,450,0,7104,0,1,0,0,0,0,1,1,0,0,0,0,0
5622,350,400,1217,192,1,0,1,0,0,0,1,0,0,1,0,0,0
5587,700,500,1628,549,1,0,0,1,0,0,1,0,0,0,0,1,0
6272,500,450,1036,77,1,1,0,0,0,0,1,0,0,0,0,1,0
7841,350,400,1909,740,1,0,1,0,1,0,0,1,0,0,0,0,0
6671,700,500,738,308,1,0,0,1,0,0,1,0,0,1,0,0,0
6125,350,400,72,24,1,0,1,0,1,0,0,0,0,0,0,1,0
3689,350,400,1656,182,1,0,1,0,0,0,1,0,0,1,0,0,0
9172,350,400,0,7073,0,0,1,0,0,0,1,1,0,0,0,0,0
4581,350,400,408,35,1,0,1,0,0,1,0,0,0,1,0,0,0
8123,700,500,0,2287,0,0,0,1,0,0,1,0,0,0,0,1,0
915,700,500,1057,219,1,0,0,1,0,0,1,0,0,0,0,1,0
7479,350,400,0,3308,0,0,1,0,0,0,1,0,0,0,1,0,0
6426,350,400,700,114,1,0,1,0,0,0,1,0,0,0,1,0,0
1845,350,400,1448,446,1,0,1,0,0,1,0,1,0,0,0,0,0
3019,350,400,341,93,1,0,1,0,0,0,1,0,0,1,0,0,0
8607,350,400,1892,420,1,0,1,0,0,0,1,0,0,1,0,0,0
4406,500,450,0,6097,0,1,0,0,0,1,0,0,0,0,0,1,0
6794,350,400,0,2504,0,0,1,0,0,0,1,0,1,0,0,0,0
9006,350,400,0,2211,0,0,1,0,0,1,0,0,0,0,0,1,0
1328,350,400,0,5119,0,0,1,0,1,0,0,1,0,0,0,0,0
4284,350,400,1092,386,1,0,1,0,0,1,0,1,0,0,0,0,0
551,350,400,314,116,1,0,1,0,0,1,0,0,0,1,0,0,0
8243,700,500,0,4452,0,0,0,1,0,0,1,0,1,0,0,0,0
7471,350,400,1641,457,1,0,1,0,0,0,1,0,0,0,0,1,0
7530,700,500,940,251,1,0,0,1,0,0,1,0,0,1,0,0,0
2359,700,500,717,85,1,0,0,1,0,0,1,1,0,0,0,0,0
7001,500,450,257,48,1,1,0,0,0,0,1,0,0,0,0,1,0
7848,350,400,970,474,1,0,1,0,0,0,1,0,0,0,1,0,0
2048,350,400,291,143,1,0,1,0,0,1,0,0,0,0,1,0,0
1466,350,400,0,4646,0,0,1,0,0,0,1,1,0,0,0,0,0
8815,500,450,750,234,1,1,0,0,0,1,0,0,0,1,0,0,0
6434,350,400,0,6151,0,0,1,0,0,0,1,0,0,1,0,0,0
5286,350,400,1859,849,1,0,1,0,0,0,1,0,0,1,0,0,0
2936,350,400,0,8616,0,0,1,0,0,0,1,0,0,1,0,0,0
7562,700,500,1851,501,1,0,0,1,0,0,1,0,0,0,0,1,0
5916,700,500,469,178,1,0,0,1,0,0,1,1,0,0,0,0,0
1746,350,400,1191,334,1,0,1,0,0,0,1,0,0,1,0,0,0
3883,350,400,1833,34,1,0,1,0,0,0,1,0,1,0,0,0,0
1519,500,450,0,3821,0,1,0,0,0,1,0,0,0,1,0,0,0
5938,350,400,1329,429,1,0,1,0,0,0,1,1,0,0,0,0,0
4399,350,400,937,177,1,0,1,0,0,0,1,0,1,0,0,0,0
5474,350,400,0,7491,0,0,1,0,0,1,0,0,1,0,0,0,0
2503,350,400,0,9923,0,0,1,0,0,0,1,1,0,0,0,0,0
5886,350,400,280,64,1,0,1,0,1,0,0,0,0,0,1,0,0
5664,350,400,0,9985,0,0,1,0,1,0,0,0,0,1,0,0,0
3954,350,400,1594,553,1,0,1,0,0,0,1,0,0,1,0,0,0
5167,500,450,221,71,1,1,0,0,0,1,0,0,0,1,0,0,0
7735,350,400,1652,433,1,0,1,0,0,0,1,0,1,0,0,0,0
541,500,450,1929,459,1,1,0,0,0,0,1,0,0,0,1,0,0
1359,350,400,1263,266,1,0,1,0,0,0,1,0,0,0,1,0,0
1985,350,400,0,245,0,0,1,0,0,1,0,0,1,0,0,0,0
8213,350,400,825,360,1,0,1,0,0,0,1,1,0,0,0,0,0
9495,500,450,789,187,1,1,0,0,0,1,0,1,0,0,0,0,0
9036,350,400,1794,372,1,0,1,0,0,1,0,0,0,0,1,0,0
6880,350,400,0,9444,0,0,1,0,0,1,0,0,0,0,1,0,0
9641,350,400,1427,30,1,0,1,0,0,1,0,0,0,1,0,0,0
5747,350,400,1222,147,1,0,1,0,0,1,0,0,0,0,1,0,0
253,500,450,112,9,1,1,0,0,0,0,1,0,1,0,0,0,0
660,500,450,1153,111,1,1,0,0,0,0,1,0,0,0,1,0,0
6828,350,400,1915,754,1,0,1,0,0,1,0,0,0,0,0,1,0
2241,350,400,779,89,1,0,1,0,0,1,0,0,0,1,0,0,0
8691,350,400,1518,98,1,0,1,0,0,0,1,0,0,1,0,0,0
7201,700,500,0,5234,0,0,0,1,0,0,1,0,0,1,0,0,0
7976,500,450,980,271,1,1,0,0,1,0,0,0,0,0,1,0,0
8594,350,400,1365,480,1,0,1,0,0,1,0,1,0,0,0,0,0
974,500,450,0,7119,0,1,0,0,0,0,1,0,1,0,0,0,0
8941,350,400,1795,403,1,0,1,0,0,0,1,0,1,0,0,0,0
6963,350,400,189,85,1,0,1,0,1,0,0,1,0,0,0,0,0
4306,350,400,1708,49,1,0,1,0,1,0,0,0,0,1,0,0,0
8205,500,450,1685,290,1,1,0,0,0,0,1,1,0,0,0,0,0
9073,500,450,0,2666,0,1,0,0,0,0,1,1,0,0,0,0,0
5922,350,400,587,153,1,0,1,0,0,0,1,0,0,0,1,0,0
7411,350,400,1859,457,1,0,1,0,0,0,1,1,0,0,0,0,0
9268,350,400,0,8630,0,0,1,0,0,0,1,0,0,1,0,0,0
5018,350,400,0,1561,0,0,1,0,0,0,1,0,1,0,0,0,0
5771,350,400,1327,617,1,0,1,0,0,0,1,0,0,0,1,0,0
8939,350,400,766,370,1,0,1,0,0,1,0,1,0,0,0,0,0
6924,350,400,0,6993,0,0,1,0,0,1,0,0,0,1,0,0,0
5398,350,400,0,5465,0,0,1,0,0,0,1,0,0,0,1,0,0
4127,350,400,1818,263,1,0,1,0,0,1,0,0,0,1,0,0,0
3297,350,400,1227,417,1,0,1,0,0,0,1,0,0,1,0,0,0
1516,350,400,0,8219,0,0,1,0,0,1,0,1,0,0,0,0,0
6101,350,400,123,32,1,0,1,0,0,1,0,0,0,0,0,1,0
1035,500,450,1755,809,1,1,0,0,0,0,1,0,1,0,0,0,0
9678,700,500,1080,354,1,0,0,1,0,0,1,1,0,0,0,0,0
33,350,400,780,78,1,0,1,0,0,0,1,0,1,0,0,0,0
6268,350,400,369,177,1,0,1,0,0,1,0,0,0,0,1,0,0
2933,350,400,1464,690,1,0,1,0,0,1,0,1,0,0,0,0,0
8570,350,400,1736,394,1,0,1,0,0,0,1,0,0,0,0,1,0
683,500,450,1497,609,1,1,0,0,0,1,0,0,0,0,1,0,0
7214,350,400,1165,354,1,0,1,0,0,1,0,0,0,0,1,0,0
3705,350,400,1778,678,1,0,1,0,0,1,0,1,0,0,0,0,0
244,500,450,1273,84,1,1,0,0,0,1,0,0,0,1,0,0,0
9391,500,450,0,3957,0,1,0,0,0,1,0,1,0,0,0,0,0
7057,350,400,1814,866,1,0,1,0,0,1,0,0,0,1,0,0,0
4532,350,400,30,13,1,0,1,0,0,0,1,0,0,1,0,0,0
4579,500,450,638,110,1,1,0,0,1,0,0,0,0,1,0,0,0
1235,350,400,1024,339,1,0,1,0,1,0,0,0,0,1,0,0,0
3858,350,400,0,1138,0,0,1,0,0,0,1,0,0,0,1,0,0
1238,350,400,414,121,1,0,1,0,0,0,1,0,0,0,1,0,0
6138,700,500,1172,41,1,0,0,1,0,0,1,0,1,0,0,0,0
8434,500,450,160,39,1,1,0,0,0,0,1,0,0,0,0,1,0
1418,350,400,621,130,1,0,1,0,1,0,0,0,0,0,1,0,0
6970,350,400,1179,513,1,0,1,0,0,0,1,0,0,0,0,1,0
704,350,400,620,197,1,0,1,0,0,1,0,1,0,0,0,0,0
3443,500,450,610,279,1,1,0,0,0,0,1,1,0,0,0,0,0
4138,500,450,165,25,1,1,0,0,0,0,1,0,0,0,1,0,0
6129,350,400,0,5481,0,0,1,0,0,0,1,0,0,0,0,1,0
574,500,450,1237,590,1,1,0,0,0,1,0,0,0,1,0,0,0
8130,700,500,835,94,1,0,0,1,0,1,0,1,0,0,0,0,0
9203,350,400,0,7925,0,0,1,0,0,0,1,0,0,0,1,0,0
4659,500,450,54,5,1,1,0,0,0,1,0,0,1,0,0,0,0
6887,350,400,43,17,1,0,1,0,1,0,0,0,1,0,0,0,0
4063,350,400,1812,850,1,0,1,0,0,1,0,0,0,0,0,1,0
9585,700,500,0,9445,0,0,0,1,0,1,0,0,1,0,0,0,0
9506,350,400,738,293,1,0,1,0,1,0,0,0,0,1,0,0,0
234,350,400,1379,52,1,0,1,0,0,0,1,0,1,0,0,0,0
6984,350,400,1639,231,1,0,1,0,0,1,0,0,1,0,0,0,0
1467,700,500,1480,172,1,0,0,1,0,0,1,0,0,1,0,0,0
5352,350,400,1588,370,1,0,1,0,0,0,1,0,0,1,0,0,0
2162,350,400,826,331,1,0,1,0,0,0,1,1,0,0,0,0,0
5371,350,400,0,9563,0,0,1,0,1,0,0,0,1,0,0,0,0
4601,350,400,335,45,1,0,1,0,0,0,1,0,0,0,0,1,0
495,350,400,1613,470,1,0,1,0,0,0,1,0,0,1,0,0,0
572,500,450,377,104,1,1,0,0,0,0,1,1,0,0,0,0,0
6726,350,400,1544,702,1,0,1,0,0,0,1,1,0,0,0,0,0
5815,350,400,1775,198,1,0,1,0,0,0,1,1,0,0,0,0,0
6455,500,450,0,432,0,1,0,0,0,1,0,0,0,0,1,0,0
1102,350,400,1632,68,1,0,1,0,0,0,1,0,0,0,0,1,0
1145,700,500,1112,183,1,0,0,1,0,1,0,1,0,0,0,0,0
6009,350,400,0,716,0,0,1,0,0,1,0,0,0,0,1,0,0
4156,350,400,0,6092,0,0,1,0,0,1,0,0,0,1,0,0,0
5510,350,400,0,8146,0,0,1,0,0,0,1,0,0,0,0,1,0
4343,350,400,1003,80,1,0,1,0,0,0,1,0,0,0,1,0,0
5806,350,400,969,190,1,0,1,0,1,0,0,0,0,1,0,0,0
4412,350,400,1523,454,1,0,1,0,0,0,1,0,0,1,0,0,0
4029,500,450,1442,455,1,1,0,0,0,0,1,1,0,0,0,0,0
1091,700,500,0,6981,0,0,0,1,0,0,1,0,0,0,0,1,0
3925,500,450,576,4,1,1,0,0,0,0,1,0,0,0,0,1,0
3524,350,400,991,250,1,0,1,0,0,0,1,1,0,0,0,0,0
9630,350,400,1971,556,1,0,1,0,0,0,1,0,0,1,0,0,0
3857,500,450,716,135,1,1,0,0,0,0,1,1,0,0,0,0,0
2499,350,400,1227,378,1,0,1,0,0,0,1,0,0,1,0,0,0
2250,350,400,0,882,0,0,1,0,0,1,0,0,0,0,1,0,0
2134,350,400,0,6190,0,0,1,0,0,1,0,0,0,0,0,1,0
5579,350,400,550,176,1,0,1,0,0,0,1,0,0,0,1,0,0
4024,350,400,671,221,1,0,1,0,0,0,1,0,0,0,1,0,0
5873,700,500,1206,375,1,0,0,1,0,1,0,1,0,0,0,0,0
4251,500,450,670,54,1,1,0,0,0,0,1,0,0,1,0,0,0
8746,350,400,1185,453,1,0,1,0,0,1,0,0,0,1,0,0,0
9338,350,400,897,139,1,0,1,0,0,1,0,0,0,1,0,0,0
6452,350,400,1486,553,1,0,1,0,0,0,1,1,0,0,0,0,0
1098,350,400,0,7648,0,0,1,0,0,1,0,0,0,1,0,0,0
7455,500,450,347,108,1,1,0,0,1,0,0,0,0,1,0,0,0
4846,700,500,1244,198,1,0,0,1,0,0,1,0,0,0,0,1,0
390,350,400,896,183,1,0,1,0,0,0,1,0,0,0,1,0,0
7032,350,400,1571,56,1,0,1,0,0,1,0,0,0,1,0,0,0
8078,500,450,0,8475,0,1,0,0,0,1,0,0,1,0,0,0,0
3750,350,400,299,133,1,0,1,0,0,0,1,0,0,0,1,0,0
2009,350,400,142,52,1,0,1,0,1,0,0,0,0,0,0,1,0
2760,350,400,1855,700,1,0,1,0,0,0,1,0,0,0,0,1,0
1662,350,400,647,240,1,0,1,0,1,0,0,1,0,0,0,0,0
8505,500,450,1475,559,1,1,0,0,0,0,1,1,0,0,0,0,0
4398,350,400,819,13,1,0,1,0,1,0,0,0,0,1,0,0,0
7422,350,400,0,9354,0,0,1,0,0,0,1,0,0,1,0,0,0
5366,350,400,0,2570,0,0,1,0,0,0,1,0,0,1,0,0,0
7105,700,500,1820,692,1,0,0,1,0,1,0,1,0,0,0,0,0
4753,350,400,1568,210,1,0,1,0,0,1,0,0,0,0,1,0,0
170,500,450,1269,1,1,1,0,0,0,0,1,0,0,1,0,0,1
5218,500,450,0,3550,0,1,0,0,0,1,0,0,1,0,0,0,0
9382,350,400,796,58,1,0,1,0,0,0,1,0,0,1,0,0,0
3553,350,400,67,3,1,0,1,0,0,0,1,0,0,0,1,0,0
2826,350,400,1279,275,1,0,1,0,0,0,1,0,0,1,0,0,0
2167,350,400,0,8481,0,0,1,0,0,0,1,0,0,0,0,1,0
2919,700,500,0,2783,0,0,0,1,0,1,0,0,0,0,1,0,0
4580,500,450,176,38,1,1,0,0,0,0,1,0,1,0,0,0,0
1240,700,500,0,7461,0,0,0,1,0,0,1,0,0,1,0,0,0
3482,350,400,1013,235,1,0,1,0,0,1,0,0,0,0,1,0,0
4085,350,400,461,78,1,0,1,0,0,0,1,0,0,1,0,0,0
7721,350,400,976,390,1,0,1,0,0,0,1,1,0,0,0,0,0
9146,350,400,1413,604,1,0,1,0,0,1,0,0,0,1,0,0,0
1237,350,400,0,7178,0,0,1,0,0,0,1,0,0,1,0,0,0
7925,350,400,1123,198,1,0,1,0,0,1,0,0,0,0,0,1,0
3315,350,400,626,272,1,0,1,0,0,1,0,0,1,0,0,0,0
3992,350,400,1731,322,1,0,1,0,0,1,0,0,0,0,0,1,0
8052,500,450,1765,99,1,1,0,0,0,0,1,0,0,0,0,1,0
3125,500,450,555,139,1,1,0,0,0,0,1,0,0,1,0,0,0
224,350,400,527,5,1,0,1,0,0,1,0,0,0,0,1,0,0
735,500,450,0,4505,0,1,0,0,0,0,1,0,0,1,0,0,0
8973,700,500,25,5,1,0,0,1,0,0,1,0,0,0,0,1,0
1577,700,500,263,67,1,0,0,1,0,0,1,0,1,0,0,0,0
9798,350,400,1883,46,1,0,1,0,0,0,1,0,0,1,0,0,0
671,350,400,450,88,1,0,1,0,0,1,0,0,0,1,0,0,0
1363,350,400,0,280,0,0,1,0,0,0,1,0,0,0,1,0,0
6368,350,400,1848,384,1,0,1,0,1,0,0,0,0,0,1,0,1
6214,350,400,477,218,1,0,1,0,0,0,1,0,0,0,1,0,0
4226,350,400,1383,669,1,0,1,0,0,0,1,0,0,0,0,1,0
9896,350,400,1469,242,1,0,1,0,1,0,0,0,1,0,0,0,0
2509,350,400,1692,552,1,0,1,0,0,1,0,0,0,1,0,0,0
9026,350,400,523,70,1,0,1,0,0,1,0,0,0,1,0,0,0
7947,500,450,823,91,1,1,0,0,0,0,1,0,0,0,1,0,0
8178,350,400,380,52,1,0,1,0,0,0,1,0,0,0,1,0,0
9380,350,400,1945,173,1,0,1,0,0,1,0,0,0,1,0,0,0
39,350,400,462,115,1,0,1,0,0,0,1,0,0,0,1,0,0
7858,350,400,1226,310,1,0,1,0,1,0,0,0,1,0,0,0,0
4191,350,400,1019,198,1,0,1,0,0,1,0,1,0,0,0,0,0
6284,350,400,1507,699,1,0,1,0,0,1,0,1,0,0,0,0,0
9305,350,400,1356,553,1,0,1,0,0,1,0,0,0,0,1,0,0
31,350,400,921,77,1,0,1,0,1,0,0,0,0,1,0,0,0
722,350,400,792,17,1,0,1,0,0,0,1,0,0,0,1,0,0
4780,350,400,1689,739,1,0,1,0,0,1,0,0,0,0,1,0,0
7953,350,400,280,123,1,0,1,0,0,0,1,0,0,0,0,1,0
4022,350,400,30,9,1,0,1,0,0,1,0,1,0,0,0,0,0
5485,500,450,0,4599,0,1,0,0,1,0,0,0,0,0,0,1,0
8482,350,400,0,6683,0,0,1,0,0,0,1,1,0,0,0,0,0
8805,350,400,0,2752,0,0,1,0,1,0,0,0,0,1,0,0,0
415,350,400,1682,7,1,0,1,0,0,0,1,0,0,1,0,0,0
126,350,400,1997,716,1,0,1,0,0,0,1,0,0,0,1,0,0
3789,350,400,1518,94,1,0,1,0,0,0,1,0,0,1,0,0,0
7195,350,400,1683,557,1,0,1,0,0,0,1,0,0,1,0,0,0
2958,350,400,130,50,1,0,1,0,0,0,1,1,0,0,0,0,0
1461,350,400,1027,187,1,0,1,0,0,0,1,0,1,0,0,0,0
4894,350,400,805,44,1,0,1,0,0,0,1,1,0,0,0,0,0
5188,350,400,1297,273,1,0,1,0,0,1,0,0,0,1,0,0,0
8278,350,400,1334,530,1,0,1,0,0,1,0,1,0,0,0,0,0
1294,350,400,1139,551,1,0,1,0,0,1,0,1,0,0,0,0,0
7327,500,450,643,300,1,1,0,0,0,1,0,1,0,0,0,0,0
8633,700,500,1698,372,1,0,0,1,0,0,1,0,0,1,0,0,0
5093,500,450,1295,561,1,1,0,0,0,1,0,0,0,0,0,1,0
8955,350,400,413,146,1,0,1,0,0,0,1,0,0,0,0,1,0
7242,350,400,977,130,1,0,1,0,0,0,1,1,0,0,0,0,0
5742,350,400,1288,292,1,0,1,0,0,0,1,1,0,0,0,0,0
4892,350,400,1179,129,1,0,1,0,0,1,0,1,0,0,0,0,0
6443,350,400,0,2957,0,0,1,0,0,0,1,0,0,0,0,1,0
8668,700,500,717,64,1,0,0,1,1,0,0,0,0,1,0,0,0
8265,350,400,82,18,1,0,1,0,0,0,1,1,0,0,0,0,0
1669,350,400,926,261,1,0,1,0,0,1,0,0,0,1,0,0,0
6920,350,400,1785,744,1,0,1,0,0,0,1,0,0,1,0,0,0
3152,350,400,98,39,1,0,1,0,0,1,0,0,0,0,1,0,0
9283,500,450,1440,59,1,1,0,0,0,1,0,0,0,1,0,0,0
2898,350,400,670,83,1,0,1,0,0,0,1,0,0,0,0,1,0
5925,350,400,1087,271,1,0,1,0,0,1,0,1,0,0,0,0,0
7497,350,400,747,26,1,0,1,0,0,1,0,0,0,0,0,1,0
6678,350,400,623,123,1,0,1,0,0,0,1,0,1,0,0,0,0
8690,350,400,1594,88,1,0,1,0,0,0,1,0,0,1,0,0,0
6648,350,400,734,90,1,0,1,0,0,0,1,0,0,0,1,0,0
9971,350,400,0,288,0,0,1,0,1,0,0,0,0,1,0,0,0
6632,350,400,316,2,1,0,1,0,0,0,1,0,0,0,1,0,0
7092,350,400,908,64,1,0,1,0,0,0,1,0,0,0,1,0,0
7309,350,400,495,65,1,0,1,0,0,0,1,0,0,1,0,0,0
4665,350,400,0,4320,0,0,1,0,0,0,1,0,0,1,0,0,0
5926,350,400,1025,270,1,0,1,0,0,0,1,1,0,0,0,0,0
1831,350,400,1179,550,1,0,1,0,0,0,1,0,0,0,0,1,0
410,350,400,503,119,1,0,1,0,0,0,1,0,1,0,0,0,0
9870,350,400,1067,187,1,0,1,0,1,0,0,1,0,0,0,0,0
9964,350,400,1537,339,1,0,1,0,0,1,0,1,0,0,0,0,0
2049,350,400,1307,528,1,0,1,0,1,0,0,0,0,0,1,0,0
7256,350,400,81,9,1,0,1,0,0,0,1,0,0,1,0,0,0
2749,350,400,384,47,1,0,1,0,0,0,1,0,0,0,1,0,0
3273,500,450,0,6626,0,1,0,0,0,1,0,0,0,1,0,0,0
8682,500,450,645,318,1,1,0,0,0,0,1,1,0,0,0,0,0
3841,350,400,1652,66,1,0,1,0,0,0,1,0,1,0,0,0,0
6411,700,500,760,203,1,0,0,1,0,1,0,0,0,0,0,1,0
476,700,500,1991,757,1,0,0,1,0,0,1,0,0,1,0,0,0
1872,350,400,395,50,1,0,1,0,0,1,0,0,0,0,0,1,0
1070,500,450,1642,199,1,1,0,0,0,0,1,0,0,1,0,0,0
5867,350,400,0,6574,0,0,1,0,0,0,1,0,0,0,1,0,0
1270,700,500,1752,246,1,0,0,1,0,0,1,0,0,0,1,0,0
5855,700,500,1363,103,1,0,0,1,0,0,1,0,0,0,0,1,0
4290,350,400,1824,11,1,0,1,0,0,0,1,0,0,0,1,0,0
2406,350,400,941,282,1,0,1,0,0,1,0,0,0,1,0,0,0
5540,700,500,275,109,1,0,0,1,0,0,1,0,1,0,0,0,0
3855,350,400,828,133,1,0,1,0,0,1,0,0,0,0,1,0,0
8398,350,400,1719,65,1,0,1,0,0,0,1,0,0,1,0,0,0
9582,350,400,0,902,0,0,1,0,0,1,0,0,1,0,0,0,0
839,350,400,1593,333,1,0,1,0,0,0,1,0,0,0,0,1,0
23,350,400,377,112,1,0,1,0,0,1,0,0,0,0,1,0,0
8605,700,500,1862,258,1,0,0,1,0,1,0,0,1,0,0,0,0
7590,350,400,0,9555,0,0,1,0,0,1,0,0,0,1,0,0,0
9536,350,400,1980,722,1,0,1,0,0,0,1,0,0,0,0,1,0
8838,350,400,889,269,1,0,1,0,0,0,1,0,0,1,0,0,0
6078,350,400,0,9105,0,0,1,0,0,1,0,0,0,1,0,0,0
6929,700,500,1474,551,1,0,0,1,0,0,1,0,0,0,0,1,0
1597,500,450,1081,256,1,1,0,0,0,0,1,0,0,1,0,0,0
8005,350,400,0,8975,0,0,1,0,0,1,0,0,0,0,0,1,0
3545,350,400,1096,406,1,0,1,0,0,0,1,0,0,1,0,0,0
2470,350,400,1286,214,1,0,1,0,0,1,0,0,0,1,0,0,0
7662,350,400,1252,445,1,0,1,0,0,1,0,1,0,0,0,0,0
5341,350,400,1556,730,1,0,1,0,0,0,1,0,0,0,1,0,0
6882,350,400,38,12,1,0,1,0,0,0,1,0,0,0,0,1,0
4074,350,400,1980,10,1,0,1,0,0,0,1,0,0,0,1,0,1
8972,350,400,815,146,1,0,1,0,0,1,0,0,0,0,0,1,0
6178,350,400,231,31,1,0,1,0,0,0,1,1,0,0,0,0,0
7859,350,400,0,4777,0,0,1,0,0,1,0,1,0,0,0,0,0
5326,350,400,0,5674,0,0,1,0,0,1,0,0,1,0,0,0,0
5838,500,450,0,154,0,1,0,0,0,1,0,0,0,0,0,1,0
9685,350,400,0,3385,0,0,1,0,0,1,0,0,1,0,0,0,0
9674,350,400,1346,85,1,0,1,0,0,0,1,1,0,0,0,0,0
6092,350,400,1779,655,1,0,1,0,0,0,1,0,1,0,0,0,0
5861,700,500,0,6592,0,0,0,1,0,0,1,0,0,0,1,0,0
4575,500,450,710,17,1,1,0,0,1,0,0,0,0,1,0,0,0
369,700,500,0,1002,0,0,0,1,0,1,0,1,0,0,0,0,0
7583,350,400,1227,351,1,0,1,0,0,0,1,0,0,1,0,0,0
1861,350,400,0,3017,0,0,1,0,0,0,1,0,0,0,1,0,0
3657,350,400,355,46,1,0,1,0,1,0,0,0,0,1,0,0,0
1286,350,400,494,15,1,0,1,0,0,1,0,1,0,0,0,0,0
4687,350,400,1039,59,1,0,1,0,0,1,0,0,0,1,0,0,0
5559,350,400,908,336,1,0,1,0,0,0,1,0,1,0,0,0,0
6065,350,400,0,4675,0,0,1,0,0,0,1,0,0,1,0,0,0
2189,350,400,0,579,0,0,1,0,0,0,1,0,0,0,1,0,0
5654,350,400,0,1350,0,0,1,0,0,0,1,1,0,0,0,0,0
9759,350,400,1103,213,1,0,1,0,0,1,0,1,0,0,0,0,0
1533,500,450,713,39,1,1,0,0,0,0,1,0,0,0,0,1,0
7971,700,500,635,255,1,0,0,1,0,0,1,0,0,1,0,0,0
6109,350,400,335,69,1,0,1,0,0,0,1,0,0,1,0,0,0
6224,350,400,283,120,1,0,1,0,0,0,1,0,0,0,0,1,0
883,700,500,0,3652,0,0,0,1,0,0,1,0,0,0,0,1,0
8001,350,400,1212,192,1,0,1,0,0,0,1,0,0,1,0,0,0
3557,350,400,331,157,1,0,1,0,0,0,1,0,0,1,0,0,0
2060,350,400,1069,109,1,0,1,0,0,1,0,0,1,0,0,0,0
7631,700,500,435,8,1,0,0,1,0,1,0,0,0,0,1,0,0
3955,350,400,0,1764,0,0,1,0,0,0,1,0,0,0,0,1,0
9730,350,400,0,5247,0,0,1,0,1,0,0,0,0,0,1,0,0
1453,350,400,464,131,1,0,1,0,0,1,0,0,0,0,1,0,0
3170,350,400,1709,703,1,0,1,0,0,0,1,1,0,0,0,0,0
8659,350,400,1825,185,1,0,1,0,0,0,1,0,0,1,0,0,0
7241,350,400,1723,126,1,0,1,0,0,0,1,0,0,1,0,0,0
8865,500,450,0,8846,0,1,0,0,0,0,1,0,0,0,0,1,0
5069,500,450,1537,267,1,1,0,0,0,0,1,0,0,0,0,1,0
8986,700,500,774,352,1,0,0,1,0,0,1,1,0,0,0,0,0
8920,350,400,312,153,1,0,1,0,1,0,0,0,0,1,0,0,0
277,500,450,0,3364,0,1,0,0,0,0,1,0,1,0,0,0,0
1640,500,450,221,22,1,1,0,0,0,1,0,0,0,1,0,0,0
9319,350,400,1568,147,1,0,1,0,0,0,1,0,1,0,0,0,0
2662,350,400,1406,258,1,0,1,0,0,1,0,0,0,0,1,0,0
6925,350,400,1514,715,1,0,1,0,1,0,0,0,0,0,1,0,0
8070,500,450,0,5593,0,1,0,0,0,0,1,1,0,0,0,0,0
3651,350,400,1279,461,1,0,1,0,0,0,1,1,0,0,0,0,0
1554,700,500,1633,139,1,0,0,1,0,0,1,0,0,0,0,1,0
2087,350,400,0,6569,0,0,1,0,0,0,1,0,0,1,0,0,0
5470,350,400,486,234,1,0,1,0,1,0,0,0,0,0,1,0,0
2363,700,500,1272,144,1,0,0,1,0,0,1,0,0,0,0,1,0
7570,350,400,0,9781,0,0,1,0,0,1,0,0,0,0,1,0,0
6427,500,450,161,7,1,1,0,0,0,1,0,0,0,1,0,0,0
1651,350,400,0,8824,0,0,1,0,0,0,1,0,0,0,0,1,0
4164,350,400,0,5430,0,0,1,0,0,1,0,0,0,0,1,0,0
1231,350,400,0,2921,0,0,1,0,0,1,0,0,0,1,0,0,0
9232,350,400,0,1550,0,0,1,0,0,0,1,0,0,0,1,0,0
8520,350,400,1616,614,1,0,1,0,0,0,1,0,1,0,0,0,0
2543,350,400,206,23,1,0,1,0,0,1,0,0,0,1,0,0,0
3373,350,400,550,95,1,0,1,0,0,1,0,1,0,0,0,0,0
1082,350,400,622,138,1,0,1,0,0,0,1,0,0,0,1,0,0
273,350,400,1419,641,1,0,1,0,0,1,0,0,1,0,0,0,0
4233,350,400,155,38,1,0,1,0,0,0,1,0,0,1,0,0,0
5632,350,400,156,39,1,0,1,0,0,0,1,0,0,0,0,1,0
133,350,400,1405,165,1,0,1,0,1,0,0,1,0,0,0,0,0
7055,350,400,0,8377,0,0,1,0,0,0,1,1,0,0,0,0,0
18,350,400,1606,490,1,0,1,0,0,0,1,0,0,1,0,0,0
7384,350,400,1514,719,1,0,1,0,0,0,1,1,0,0,0,0,0
406,350,400,1965,534,1,0,1,0,0,0,1,1,0,0,0,0,0
8445,350,400,1515,600,1,0,1,0,0,1,0,0,0,0,1,0,0
4597,350,400,0,836,0,0,1,0,0,0,1,0,1,0,0,0,0
6392,350,400,0,4008,0,0,1,0,0,1,0,0,0,1,0,0,0
6776,350,400,983,431,1,0,1,0,0,0,1,1,0,0,0,0,0
2578,350,400,1139,107,1,0,1,0,0,0,1,0,0,0,1,0,0
3514,350,400,0,1448,0,0,1,0,0,0,1,0,1,0,0,0,0
1842,500,450,324,125,1,1,0,0,0,1,0,0,0,0,0,1,0
5665,500,450,0,7783,0,1,0,0,0,1,0,0,0,1,0,0,0
3710,350,400,1156,76,1,0,1,0,0,1,0,0,0,1,0,0,0
6715,350,400,1841,480,1,0,1,0,0,0,1,1,0,0,0,0,0
3480,500,450,0,4964,0,1,0,0,0,0,1,0,0,1,0,0,0
519,350,400,1023,330,1,0,1,0,0,0,1,0,1,0,0,0,0
4275,350,400,1234,34,1,0,1,0,0,0,1,0,0,0,1,0,0
9218,350,400,1511,683,1,0,1,0,0,0,1,0,0,0,0,1,0
558,700,500,0,4563,0,0,0,1,0,0,1,0,0,1,0,0,0
7694,350,400,943,147,1,0,1,0,0,0,1,1,0,0,0,0,0
885,350,400,1714,439,1,0,1,0,0,1,0,0,0,0,0,1,0
7046,350,400,1585,128,1,0,1,0,0,0,1,0,0,1,0,0,0
2059,350,400,1172,522,1,0,1,0,1,0,0,1,0,0,0,0,0
3664,350,400,1927,839,1,0,1,0,0,0,1,0,1,0,0,0,0
196,350,400,1068,140,1,0,1,0,0,0,1,0,0,0,1,0,0
6394,350,400,0,5482,0,0,1,0,0,0,1,0,1,0,0,0,0
5502,350,400,1379,189,1,0,1,0,1,0,0,0,0,1,0,0,0
9020,350,400,845,175,1,0,1,0,1,0,0,0,0,1,0,0,0
3021,350,400,472,33,1,0,1,0,0,0,1,0,0,1,0,0,0
5075,350,400,113,37,1,0,1,0,1,0,0,1,0,0,0,0,0
776,350,400,493,11,1,0,1,0,0,0,1,0,0,1,0,0,0
2453,350,400,599,39,1,0,1,0,0,0,1,1,0,0,0,0,0
2663,350,400,0,5404,0,0,1,0,0,0,1,0,1,0,0,0,0
3673,350,400,0,5641,0,0,1,0,0,1,0,0,0,0,1,0,0
9108,500,450,693,257,1,1,0,0,0,0,1,1,0,0,0,0,0
15,700,500,1089,280,1,0,0,1,1,0,0,0,0,1,0,0,0
8710,350,400,1578,57,1,0,1,0,0,0,1,0,0,1,0,0,0
32,350,400,1796,291,1,0,1,0,0,0,1,0,0,0,1,0,0
8207,700,500,0,3526,0,0,0,1,0,0,1,0,0,0,0,1,0
3848,350,400,0,5775,0,0,1,0,0,0,1,0,0,1,0,0,0
8307,500,450,1832,166,1,1,0,0,0,0,1,0,1,0,0,0,0
5193,700,500,600,222,1,0,0,1,0,1,0,0,0,1,0,0,0
9357,350,400,523,227,1,0,1,0,0,1,0,0,0,0,1,0,0
7199,350,400,330,3,1,0,1,0,0,0,1,0,0,1,0,0,0
3774,350,400,1720,772,1,0,1,0,0,0,1,0,0,0,0,1,0
532,350,400,0,9121,0,0,1,0,0,1,0,0,1,0,0,0,0
2949,500,450,1185,135,1,1,0,0,0,1,0,0,0,0,0,1,0
257,500,450,972,338,1,1,0,0,0,1,0,0,0,0,1,0,0
2097,350,400,189,35,1,0,1,0,0,0,1,0,1,0,0,0,0
7975,350,400,520,213,1,0,1,0,0,1,0,0,0,0,1,0,0
5924,500,450,0,2424,0,1,0,0,0,1,0,1,0,0,0,0,0
9253,350,400,490,190,1,0,1,0,0,0,1,1,0,0,0,0,0
7487,350,400,0,1742,0,0,1,0,0,0,1,0,0,0,1,0,0
4172,350,400,119,22,1,0,1,0,0,0,1,0,0,1,0,0,0
4316,350,400,1403,208,1,0,1,0,0,0,1,0,0,0,0,1,0
8786,350,400,1005,238,1,0,1,0,0,0,1,0,0,0,1,0,0
6486,500,450,1871,597,1,1,0,0,0,0,1,1,0,0,0,0,0
6497,500,450,533,62,1,1,0,0,0,0,1,1,0,0,0,0,0
5921,350,400,1491,659,1,0,1,0,0,1,0,0,0,0,1,0,0
7227,350,400,162,36,1,0,1,0,0,0,1,0,0,0,0,1,0
2652,350,400,466,99,1,0,1,0,1,0,0,0,0,0,0,1,0
6408,350,400,324,22,1,0,1,0,0,1,0,0,0,1,0,0,0
3194,500,450,31,6,1,1,0,0,0,1,0,0,0,1,0,0,0
6003,350,400,0,514,0,0,1,0,0,0,1,1,0,0,0,0,0
7864,350,400,1009,315,1,0,1,0,0,0,1,0,0,1,0,0,0
9439,500,450,766,251,1,1,0,0,0,0,1,0,1,0,0,0,0
4337,350,400,860,232,1,0,1,0,0,1,0,1,0,0,0,0,0
7937,350,400,517,206,1,0,1,0,0,0,1,0,0,1,0,0,0
402,350,400,1623,65,1,0,1,0,0,1,0,1,0,0,0,0,0
8455,350,400,32,11,1,0,1,0,1,0,0,0,0,0,1,0,0
3034,350,400,327,14,1,0,1,0,0,1,0,1,0,0,0,0,0
3991,500,450,1974,54,1,1,0,0,0,1,0,0,0,1,0,0,0
6111,350,400,0,3377,0,0,1,0,1,0,0,1,0,0,0,0,0
2604,500,450,818,302,1,1,0,0,0,0,1,0,0,0,1,0,0
2016,500,450,71,15,1,1,0,0,0,0,1,0,1,0,0,0,0
7237,350,400,1555,100,1,0,1,0,0,0,1,0,0,1,0,0,0
9790,350,400,425,70,1,0,1,0,0,1,0,0,0,0,1,0,0
7324,350,400,0,9271,0,0,1,0,0,1,0,0,0,0,1,0,0
325,350,400,1030,256,1,0,1,0,0,0,1,0,0,1,0,0,0
2152,350,400,0,1919,0,0,1,0,0,0,1,0,0,0,1,0,0
7045,350,400,0,6725,0,0,1,0,0,0,1,1,0,0,0,0,0
3681,350,400,311,38,1,0,1,0,0,1,0,0,0,0,1,0,0
8137,350,400,886,11,1,0,1,0,0,0,1,1,0,0,0,0,0
5424,350,400,712,199,1,0,1,0,0,0,1,0,0,0,1,0,0
7904,350,400,431,202,1,0,1,0,0,1,0,0,0,1,0,0,0
9773,350,400,0,8922,0,0,1,0,0,1,0,0,0,1,0,0,0
3564,350,400,0,7793,0,0,1,0,0,1,0,1,0,0,0,0,0
5386,500,450,1253,476,1,1,0,0,0,0,1,0,0,1,0,0,0
1826,500,450,777,128,1,1,0,0,0,0,1,1,0,0,0,0,0
1718,700,500,1412,103,1,0,0,1,0,1,0,0,0,1,0,0,0
134,500,450,314,19,1,1,0,0,0,0,1,0,0,0,0,1,0
1421,500,450,0,3968,0,1,0,0,0,1,0,0,0,0,0,1,0
5808,350,400,1974,61,1,0,1,0,0,1,0,0,0,0,1,0,0
9167,500,450,1991,425,1,1,0,0,1,0,0,0,0,0,0,1,1
5275,350,400,1650,641,1,0,1,0,0,0,1,0,0,1,0,0,0
2279,350,400,156,49,1,0,1,0,1,0,0,0,1,0,0,0,0
4016,500,450,1914,197,1,1,0,0,0,0,1,0,0,0,1,0,0
7274,700,500,1066,151,1,0,0,1,0,0,1,0,0,1,0,0,0
3761,500,450,0,3908,0,1,0,0,0,0,1,0,0,0,1,0,0
3010,700,500,1313,400,1,0,0,1,0,1,0,0,0,0,1,0,0
5274,500,450,701,81,1,1,0,0,0,1,0,0,0,1,0,0,0
628,350,400,347,88,1,0,1,0,1,0,0,1,0,0,0,0,0
9349,350,400,431,162,1,0,1,0,1,0,0,0,0,0,1,0,0
5737,350,400,1671,768,1,0,1,0,0,0,1,0,0,0,0,1,0
5617,350,400,0,8320,0,0,1,0,0,1,0,0,0,1,0,0,0
4311,700,500,1974,727,1,0,0,1,0,0,1,0,0,0,0,1,0
6062,700,500,769,227,1,0,0,1,0,0,1,0,0,0,0,1,0
1884,350,400,1428,84,1,0,1,0,1,0,0,0,1,0,0,0,0
893,350,400,1566,80,1,0,1,0,0,0,1,0,0,1,0,0,0
5138,350,400,1220,105,1,0,1,0,0,0,1,0,0,1,0,0,0
6375,700,500,1252,550,1,0,0,1,0,1,0,0,0,0,0,1,0
4498,350,400,19,3,1,0,1,0,0,0,1,0,1,0,0,0,0
3488,350,400,655,246,1,0,1,0,0,1,0,0,0,0,1,0,0
7144,350,400,1771,213,1,0,1,0,0,0,1,0,0,1,0,0,0
1172,350,400,1304,172,1,0,1,0,0,1,0,0,0,0,1,0,0
8350,350,400,1403,191,1,0,1,0,0,1,0,1,0,0,0,0,0
8425,350,400,0,9222,0,0,1,0,0,0,1,0,0,0,1,0,0
6814,350,400,41,4,1,0,1,0,0,0,1,0,1,0,0,0,0
9250,350,400,0,9512,0,0,1,0,0,1,0,0,0,0,1,0,0
9321,350,400,0,4156,0,0,1,0,0,1,0,1,0,0,0,0,0
4153,350,400,0,7084,0,0,1,0,0,1,0,0,0,1,0,0,0
1928,350,400,37,8,1,0,1,0,0,0,1,1,0,0,0,0,0
2153,350,400,0,3231,0,0,1,0,0,1,0,0,0,1,0,0,0
620,350,400,1383,215,1,0,1,0,0,1,0,0,0,1,0,0,0
6937,350,400,1071,330,1,0,1,0,0,0,1,0,0,1,0,0,0
7394,500,450,1674,267,1,1,0,0,1,0,0,0,0,1,0,0,0
2602,350,400,235,14,1,0,1,0,0,0,1,1,0,0,0,0,0
3699,500,450,967,71,1,1,0,0,0,1,0,0,0,1,0,0,0
728,350,400,0,353,0,0,1,0,0,1,0,0,0,0,0,1,0
8240,350,400,1048,491,1,0,1,0,0,1,0,0,0,1,0,0,0
5570,700,500,1937,802,1,0,0,1,0,0,1,0,0,1,0,0,0
2271,500,450,0,6874,0,1,0,0,0,0,1,0,1,0,0,0,0
3326,700,500,1908,341,1,0,0,1,0,0,1,0,0,1,0,0,0
8076,500,450,694,87,1,1,0,0,1,0,0,0,0,1,0,0,0
9866,350,400,1741,803,1,0,1,0,0,0,1,1,0,0,0,0,0
2577,700,500,0,5647,0,0,0,1,0,0,1,0,0,0,1,0,0
342,350,400,1906,144,1,0,1,0,0,1,0,0,0,0,0,1,0
2178,350,400,23,9,1,0,1,0,0,0,1,0,0,0,0,1,0
2267,350,400,0,7895,0,0,1,0,0,1,0,0,0,0,0,1,0
6107,500,450,0,9263,0,1,0,0,0,0,1,0,0,1,0,0,0
4477,700,500,1765,790,1,0,0,1,0,0,1,0,0,0,0,1,0
5750,700,500,0,508,0,0,0,1,0,1,0,0,0,0,1,0,0
3207,350,400,0,9114,0,0,1,0,0,1,0,1,0,0,0,0,0
4422,350,400,0,8123,0,0,1,0,0,1,0,1,0,0,0,0,0
146,350,400,547,233,1,0,1,0,0,0,1,0,0,0,0,1,0
6935,350,400,1139,160,1,0,1,0,0,0,1,0,0,1,0,0,0
5373,700,500,449,208,1,0,0,1,0,0,1,1,0,0,0,0,0
5690,350,400,821,336,1,0,1,0,0,1,0,0,1,0,0,0,0
4981,700,500,1965,421,1,0,0,1,0,1,0,0,0,1,0,0,0
4070,350,400,19,2,1,0,1,0,0,1,0,0,0,1,0,0,0
144,500,450,0,9790,0,1,0,0,1,0,0,0,0,0,1,0,1
6502,700,500,0,1035,0,0,0,1,0,0,1,0,0,1,0,0,0
2175,350,400,1007,400,1,0,1,0,0,1,0,1,0,0,0,0,0
9490,350,400,1613,381,1,0,1,0,0,0,1,1,0,0,0,0,0
1984,700,500,1548,102,1,0,0,1,0,1,0,0,1,0,0,0,0
6071,350,400,1375,564,1,0,1,0,0,0,1,0,0,1,0,0,0
3601,700,500,1132,86,1,0,0,1,0,0,1,0,0,1,0,0,0
5875,350,400,0,2705,0,0,1,0,0,0,1,0,1,0,0,0,0
9552,350,400,1809,885,1,0,1,0,0,0,1,0,0,1,0,0,0
4384,350,400,487,152,1,0,1,0,0,1,0,0,0,1,0,0,0
9068,350,400,1737,429,1,0,1,0,0,0,1,0,0,1,0,0,0
9695,350,400,0,6268,0,0,1,0,0,0,1,0,0,0,1,0,0
9719,700,500,1932,458,1,0,0,1,0,1,0,0,0,0,1,0,0
7357,350,400,388,101,1,0,1,0,0,0,1,0,0,0,1,0,0
1852,350,400,1116,155,1,0,1,0,0,0,1,1,0,0,0,0,0
4347,350,400,1798,783,1,0,1,0,0,0,1,0,1,0,0,0,0
4999,500,450,408,154,1,1,0,0,0,0,1,0,0,1,0,0,0
9051,350,400,1955,504,1,0,1,0,0,0,1,1,0,0,0,0,0
7100,350,400,0,9151,0,0,1,0,0,0,1,1,0,0,0,0,0
8783,350,400,1360,186,1,0,1,0,0,0,1,0,0,0,0,1,0
4381,500,450,249,60,1,1,0,0,0,1,0,1,0,0,0,0,0
5428,500,450,0,3840,0,1,0,0,0,0,1,0,0,1,0,0,0
4105,500,450,0,4915,0,1,0,0,0,0,1,0,0,0,1,0,0
1194,700,500,0,7098,0,0,0,1,0,0,1,0,0,0,1,0,0
6829,350,400,993,343,1,0,1,0,0,0,1,0,0,1,0,0,0
2576,350,400,0,7471,0,0,1,0,0,0,1,1,0,0,0,0,0
9492,500,450,1374,284,1,1,0,0,0,0,1,0,0,0,0,1,0
2686,700,500,532,59,1,0,0,1,1,0,0,0,0,0,0,1,0
3864,500,450,0,923,0,1,0,0,0,1,0,0,0,1,0,0,0
9512,500,450,0,4502,0,1,0,0,0,0,1,0,0,1,0,0,0
6150,700,500,1472,93,1,0,0,1,0,0,1,1,0,0,0,0,0
5883,350,400,223,104,1,0,1,0,0,1,0,0,1,0,0,0,0
8406,350,400,1172,565,1,0,1,0,0,1,0,0,1,0,0,0,0
1791,350,400,674,161,1,0,1,0,0,0,1,0,0,0,1,0,0
5783,350,400,237,34,1,0,1,0,0,0,1,0,0,1,0,0,0
8179,350,400,1245,155,1,0,1,0,0,0,1,0,0,0,0,1,0
9244,700,500,367,115,1,0,0,1,0,1,0,1,0,0,0,0,0
2390,350,400,208,54,1,0,1,0,0,0,1,0,0,0,1,0,0
7218,350,400,1066,269,1,0,1,0,0,1,0,1,0,0,0,0,0
6067,500,450,574,186,1,1,0,0,0,0,1,0,0,0,1,0,0
9751,350,400,0,2315,0,0,1,0,0,0,1,1,0,0,0,0,0
4170,350,400,836,410,1,0,1,0,0,1,0,0,0,1,0,0,0
3930,350,400,1945,69,1,0,1,0,1,0,0,0,0,0,1,0,0
3424,350,400,1210,385,1,0,1,0,0,0,1,0,0,0,1,0,0
6946,350,400,0,4560,0,0,1,0,0,1,0,0,0,0,1,0,0
7836,350,400,1505,542,1,0,1,0,0,0,1,0,0,0,1,0,0
5006,350,400,1631,584,1,0,1,0,0,0,1,1,0,0,0,0,0
7122,500,450,281,125,1,1,0,0,1,0,0,0,0,1,0,0,0
938,350,400,1873,102,1,0,1,0,0,0,1,0,0,0,1,0,0
6753,350,400,1593,777,1,0,1,0,0,1,0,0,0,0,1,0,0
3697,350,400,285,76,1,0,1,0,0,0,1,0,0,1,0,0,0
3671,700,500,1596,668,1,0,0,1,0,0,1,0,0,0,1,0,0
4418,500,450,1515,544,1,1,0,0,0,0,1,0,0,0,0,1,0
1399,350,400,1901,42,1,0,1,0,0,1,0,0,0,1,0,0,0
9910,350,400,0,1806,0,0,1,0,0,1,0,0,0,0,0,1,0
9897,350,400,1608,650,1,0,1,0,0,1,0,0,0,1,0,0,0
5112,500,450,1925,377,1,1,0,0,0,0,1,0,1,0,0,0,0
635,500,450,0,2025,0,1,0,0,0,0,1,0,0,1,0,0,0
6851,350,400,285,29,1,0,1,0,0,0,1,0,0,0,1,0,0
1529,350,400,0,2867,0,0,1,0,0,0,1,0,0,1,0,0,0
9271,350,400,0,1684,0,0,1,0,1,0,0,0,0,1,0,0,0
3027,500,450,1820,60,1,1,0,0,0,1,0,0,0,0,0,1,0
9679,500,450,1678,808,1,1,0,0,0,0,1,1,0,0,0,0,0
1656,350,400,1067,298,1,0,1,0,0,1,0,0,0,1,0,0,0
2513,500,450,0,2525,0,1,0,0,0,0,1,0,0,0,1,0,0
6904,700,500,820,311,1,0,0,1,0,1,0,1,0,0,0,0,0
9758,700,500,1516,152,1,0,0,1,0,0,1,0,0,0,0,1,0
9064,350,400,800,65,1,0,1,0,0,1,0,0,0,0,0,1,0
489,700,500,1607,711,1,0,0,1,0,0,1,0,0,1,0,0,0
5356,500,450,1752,593,1,1,0,0,0,0,1,1,0,0,0,0,0
1067,350,400,1381,681,1,0,1,0,0,0,1,0,0,0,0,1,0
9752,700,500,1371,113,1,0,0,1,0,0,1,0,0,1,0,0,0
2030,350,400,0,9570,0,0,1,0,0,0,1,1,0,0,0,0,0
6378,500,450,75,14,1,1,0,0,0,1,0,0,0,1,0,0,0
8812,350,400,1674,480,1,0,1,0,0,0,1,0,1,0,0,0,0
3043,350,400,1057,243,1,0,1,0,0,0,1,0,0,0,0,1,0
1768,350,400,1040,154,1,0,1,0,0,0,1,0,0,0,0,1,0
771,350,400,0,5128,0,0,1,0,0,0,1,0,0,0,0,1,0
2836,350,400,0,5049,0,0,1,0,0,1,0,0,0,1,0,0,0
6390,350,400,260,9,1,0,1,0,0,0,1,0,0,0,0,1,0
4764,500,450,1985,579,1,1,0,0,0,0,1,0,0,1,0,0,0
6351,350,400,0,9049,0,0,1,0,1,0,0,1,0,0,0,0,0
6541,700,500,0,3926,0,0,0,1,0,0,1,1,0,0,0,0,0
1874,350,400,1537,613,1,0,1,0,0,0,1,0,0,0,0,1,0
7145,350,400,1610,304,1,0,1,0,1,0,0,0,0,1,0,0,0
7112,350,400,1479,640,1,0,1,0,0,0,1,0,1,0,0,0,0
7240,350,400,758,357,1,0,1,0,0,0,1,0,1,0,0,0,0
9952,350,400,0,490,0,0,1,0,1,0,0,0,0,0,1,0,0
9390,350,400,670,206,1,0,1,0,0,0,1,0,0,0,1,0,0
7767,350,400,811,179,1,0,1,0,0,1,0,0,0,1,0,0,0
8545,350,400,0,3939,0,0,1,0,0,0,1,1,0,0,0,0,0
9696,350,400,0,7272,0,0,1,0,0,0,1,0,0,0,1,0,0
8311,500,450,369,43,1,1,0,0,0,0,1,0,0,1,0,0,0
2076,350,400,1214,480,1,0,1,0,1,0,0,0,0,0,0,1,0
4328,350,400,439,158,1,0,1,0,0,0,1,1,0,0,0,0,0
2539,700,500,1485,396,1,0,0,1,0,0,1,0,0,1,0,0,0
9182,350,400,0,772,0,0,1,0,0,0,1,1,0,0,0,0,0
8236,350,400,0,895,0,0,1,0,0,0,1,0,0,1,0,0,0
9626,700,500,953,348,1,0,0,1,0,1,0,0,0,0,1,0,0
5281,350,400,66,14,1,0,1,0,0,0,1,0,1,0,0,0,0
3156,350,400,1059,396,1,0,1,0,0,1,0,1,0,0,0,0,0
7289,350,400,0,4167,0,0,1,0,0,0,1,0,0,0,0,1,0
5636,350,400,87,24,1,0,1,0,0,0,1,0,0,1,0,0,0
4866,350,400,697,167,1,0,1,0,0,1,0,0,1,0,0,0,0
5613,350,400,0,8154,0,0,1,0,0,1,0,0,0,0,1,0,0
7819,350,400,831,283,1,0,1,0,0,0,1,0,0,1,0,0,0
8919,350,400,855,51,1,0,1,0,0,1,0,0,0,1,0,0,0
7633,350,400,990,453,1,0,1,0,0,0,1,0,0,0,1,0,0
587,500,450,1864,449,1,1,0,0,0,0,1,1,0,0,0,0,0
1139,500,450,1703,486,1,1,0,0,0,0,1,1,0,0,0,0,0
1540,350,400,865,429,1,0,1,0,0,1,0,0,0,0,1,0,0
3894,350,400,1823,289,1,0,1,0,0,0,1,0,0,1,0,0,0
3653,350,400,0,7947,0,0,1,0,0,0,1,0,1,0,0,0,0
6104,350,400,0,4708,0,0,1,0,0,1,0,1,0,0,0,0,0
9711,350,400,1001,497,1,0,1,0,0,0,1,0,0,1,0,0,0
8250,350,400,888,285,1,0,1,0,0,0,1,0,0,1,0,0,0
4606,500,450,0,5052,0,1,0,0,0,1,0,0,0,0,1,0,0
8095,500,450,965,190,1,1,0,0,0,0,1,1,0,0,0,0,0
5842,350,400,1970,27,1,0,1,0,0,0,1,0,0,0,1,0,0
1595,350,400,1689,448,1,0,1,0,0,0,1,0,0,0,1,0,0
4982,350,400,94,24,1,0,1,0,0,0,1,1,0,0,0,0,0
5920,350,400,0,9996,0,0,1,0,0,1,0,0,0,0,0,1,0
9179,350,400,1342,415,1,0,1,0,0,0,1,0,0,1,0,0,0
4688,350,400,596,90,1,0,1,0,0,1,0,0,0,1,0,0,0
3131,350,400,1553,355,1,0,1,0,0,1,0,1,0,0,0,0,0
3641,350,400,559,12,1,0,1,0,0,0,1,0,1,0,0,0,0
5253,350,400,0,9778,0,0,1,0,0,0,1,0,0,0,0,1,0
8173,500,450,217,56,1,1,0,0,0,0,1,0,0,0,1,0,0
4148,500,450,0,585,0,1,0,0,1,0,0,0,0,0,0,1,0
6943,350,400,0,7984,0,0,1,0,0,0,1,0,0,1,0,0,0
5826,500,450,1021,227,1,1,0,0,0,1,0,1,0,0,0,0,0
1741,700,500,436,67,1,0,0,1,0,0,1,0,0,1,0,0,0
2888,350,400,999,191,1,0,1,0,1,0,0,0,1,0,0,0,0
5585,350,400,1398,167,1,0,1,0,0,0,1,0,0,1,0,0,0
9468,350,400,281,42,1,0,1,0,1,0,0,0,1,0,0,0,0
1599,350,400,1675,464,1,0,1,0,1,0,0,0,0,1,0,0,0
6635,500,450,1960,917,1,1,0,0,0,1,0,0,0,0,1,0,0
9531,350,400,571,36,1,0,1,0,0,0,1,0,1,0,0,0,0
5257,350,400,1429,366,1,0,1,0,0,1,0,1,0,0,0,0,0
6818,700,500,1298,169,1,0,0,1,0,1,0,0,0,1,0,0,0
9442,350,400,0,5560,0,0,1,0,0,1,0,0,0,0,1,0,0
4872,350,400,1179,530,1,0,1,0,0,1,0,1,0,0,0,0,0
1607,350,400,67,15,1,0,1,0,0,0,1,0,0,1,0,0,0
4448,350,400,0,4709,0,0,1,0,0,0,1,0,0,1,0,0,0
4711,350,400,0,3116,0,0,1,0,0,0,1,0,0,1,0,0,0
5136,350,400,468,197,1,0,1,0,0,1,0,0,0,1,0,0,0
396,500,450,0,8329,0,1,0,0,0,0,1,0,0,1,0,0,0
2140,350,400,12,4,1,0,1,0,0,1,0,0,0,0,1,0,0
1666,500,450,202,49,1,1,0,0,0,0,1,0,0,0,0,1,0
508,700,500,298,139,1,0,0,1,0,0,1,0,0,0,1,0,0
6766,500,450,1927,20,1,1,0,0,1,0,0,0,0,1,0,0,0
9527,350,400,1762,620,1,0,1,0,0,0,1,0,0,0,0,1,0
3437,700,500,0,6139,0,0,0,1,0,0,1,0,0,1,0,0,0
7832,350,400,1323,460,1,0,1,0,0,0,1,1,0,0,0,0,0
9738,350,400,854,386,1,0,1,0,0,1,0,0,0,0,0,1,0
8708,350,400,376,34,1,0,1,0,0,0,1,0,0,1,0,0,0
5076,350,400,0,5403,0,0,1,0,1,0,0,0,0,1,0,0,0
9999,700,500,1766,225,1,0,0,1,0,0,1,0,1,0,0,0,0
9249,350,400,391,49,1,0,1,0,0,0,1,1,0,0,0,0,0
3353,350,400,235,59,1,0,1,0,0,0,1,1,0,0,0,0,0
8068,350,400,1459,572,1,0,1,0,0,0,1,0,0,0,0,1,0
8359,350,400,1913,807,1,0,1,0,1,0,0,0,0,1,0,0,0
5508,350,400,939,397,1,0,1,0,0,1,0,0,0,0,1,0,0
1585,350,400,251,37,1,0,1,0,0,1,0,0,0,0,1,0,0
9572,350,400,119,53,1,0,1,0,0,0,1,0,0,1,0,0,0
4258,500,450,180,44,1,1,0,0,1,0,0,0,1,0,0,0,0
2427,700,500,1354,271,1,0,0,1,0,0,1,0,0,1,0,0,0
237,350,400,1551,81,1,0,1,0,0,0,1,1,0,0,0,0,0
7350,350,400,0,4729,0,0,1,0,0,1,0,0,0,1,0,0,0
4827,350,400,950,452,1,0,1,0,0,0,1,0,0,1,0,0,0
8611,500,450,359,151,1,1,0,0,0,0,1,0,0,1,0,0,0
38,350,400,1542,579,1,0,1,0,0,0,1,0,0,1,0,0,0
6672,350,400,180,44,1,0,1,0,0,0,1,0,0,0,0,1,0
2182,350,400,90,39,1,0,1,0,0,0,1,0,0,0,1,0,0
4159,350,400,0,1720,0,0,1,0,0,0,1,1,0,0,0,0,0
8684,350,400,1929,618,1,0,1,0,0,0,1,0,0,1,0,0,0
8943,350,400,278,94,1,0,1,0,0,0,1,0,0,0,1,0,0
9508,350,400,0,3789,0,0,1,0,0,0,1,0,0,0,0,1,0
9789,350,400,0,728,0,0,1,0,0,0,1,1,0,0,0,0,0
7626,500,450,1838,168,1,1,0,0,0,0,1,0,0,1,0,0,0
313,350,400,378,13,1,0,1,0,0,0,1,1,0,0,0,0,0
5372,350,400,1744,66,1,0,1,0,0,0,1,0,0,0,1,0,0
7059,700,500,0,6895,0,0,0,1,0,1,0,0,0,0,1,0,0
2693,350,400,1072,495,1,0,1,0,0,1,0,0,0,0,1,0,0
4631,350,400,1257,64,1,0,1,0,0,0,1,1,0,0,0,0,0
852,350,400,1506,416,1,0,1,0,1,0,0,0,0,1,0,0,0
3083,500,450,542,175,1,1,0,0,1,0,0,0,0,0,1,0,0
4126,350,400,427,106,1,0,1,0,0,0,1,0,0,1,0,0,0
1788,350,400,1742,449,1,0,1,0,0,0,1,1,0,0,0,0,0
4563,500,450,346,51,1,1,0,0,0,1,0,0,1,0,0,0,0
2551,350,400,0,4039,0,0,1,0,0,0,1,0,0,0,0,1,0
2378,700,500,1603,368,1,0,0,1,0,0,1,0,0,1,0,0,0
8438,500,450,1676,302,1,1,0,0,0,1,0,0,0,0,0,1,0
3523,350,400,1985,718,1,0,1,0,0,1,0,0,0,1,0,0,0
2029,350,400,0,7615,0,0,1,0,0,0,1,0,1,0,0,0,0
2999,350,400,0,9664,0,0,1,0,0,0,1,0,0,0,1,0,0
4976,350,400,1405,579,1,0,1,0,0,0,1,0,0,0,0,1,0
8168,500,450,0,4129,0,1,0,0,0,0,1,0,1,0,0,0,0
8965,500,450,70,28,1,1,0,0,0,1,0,0,0,0,1,0,0
422,350,400,1013,423,1,0,1,0,0,0,1,0,0,0,0,1,0
4592,700,500,0,5788,0,0,0,1,1,0,0,0,0,0,0,1,0
8744,350,400,1747,592,1,0,1,0,0,1,0,0,0,0,0,1,0
2847,350,400,962,472,1,0,1,0,0,0,1,0,0,1,0,0,0
3611,350,400,867,189,1,0,1,0,1,0,0,0,0,0,0,1,0
6876,350,400,0,3550,0,0,1,0,0,0,1,0,0,1,0,0,0
760,350,400,0,9601,0,0,1,0,1,0,0,0,0,1,0,0,0
3378,350,400,1877,672,1,0,1,0,0,1,0,0,0,0,0,1,0
1480,350,400,0,2040,0,0,1,0,1,0,0,0,0,0,0,1,0
2633,350,400,1888,110,1,0,1,0,0,0,1,0,0,0,1,0,0
8431,500,450,0,1272,0,1,0,0,0,1,0,0,0,0,1,0,0
4194,350,400,0,851,0,0,1,0,0,0,1,0,0,0,0,1,0
233,350,400,964,353,1,0,1,0,0,0,1,1,0,0,0,0,0
509,350,400,1199,391,1,0,1,0,0,0,1,1,0,0,0,0,0
8304,350,400,0,653,0,0,1,0,0,1,0,0,0,0,0,1,0
1136,500,450,0,8517,0,1,0,0,0,0,1,0,0,1,0,0,0
3453,500,450,438,12,1,1,0,0,0,1,0,0,0,1,0,0,0
188,500,450,0,6514,0,1,0,0,0,1,0,1,0,0,0,0,0
3055,350,400,1950,423,1,0,1,0,0,0,1,0,1,0,0,0,0
3212,350,400,1166,180,1,0,1,0,0,1,0,1,0,0,0,0,0
5094,350,400,256,24,1,0,1,0,0,0,1,0,0,0,0,1,0
1797,500,450,292,99,1,1,0,0,0,0,1,0,0,0,0,1,0
1358,700,500,354,47,1,0,0,1,0,1,0,0,0,0,0,1,0
7084,500,450,0,8956,0,1,0,0,0,0,1,0,0,1,0,0,0
2931,500,450,1972,165,1,1,0,0,0,0,1,0,0,1,0,0,0
9647,350,400,0,9081,0,0,1,0,0,0,1,0,0,0,1,0,0
4954,350,400,81,34,1,0,1,0,0,0,1,0,0,0,0,1,0
7756,350,400,0,1501,0,0,1,0,0,1,0,0,0,1,0,0,0
6754,700,500,766,4,1,0,0,1,0,1,0,0,0,0,0,1,0
4567,350,400,0,5264,0,0,1,0,0,0,1,0,0,0,1,0,0
50,350,400,872,47,1,0,1,0,0,0,1,0,0,1,0,0,0
9336,350,400,1441,166,1,0,1,0,0,1,0,0,0,0,1,0,0
9331,500,450,1177,521,1,1,0,0,0,1,0,0,0,0,1,0,0
5526,350,400,957,255,1,0,1,0,0,0,1,1,0,0,0,0,0
9001,350,400,1422,644,1,0,1,0,0,0,1,0,1,0,0,0,0
4197,350,400,1268,356,1,0,1,0,0,0,1,0,1,0,0,0,0
1804,350,400,548,139,1,0,1,0,0,0,1,0,0,1,0,0,0
5809,500,450,560,107,1,1,0,0,0,0,1,0,0,1,0,0,0
6047,350,400,370,28,1,0,1,0,0,0,1,1,0,0,0,0,0
3908,350,400,1162,344,1,0,1,0,0,1,0,0,0,1,0,0,0
7076,350,400,525,120,1,0,1,0,0,0,1,0,0,0,0,1,0
6624,350,400,1404,447,1,0,1,0,0,0,1,0,0,1,0,0,0
6619,350,400,0,734,0,0,1,0,0,1,0,0,0,0,1,0,0
8300,350,400,986,401,1,0,1,0,0,1,0,0,0,0,1,0,0
7345,350,400,1997,541,1,0,1,0,1,0,0,1,0,0,0,0,0
4507,350,400,1986,859,1,0,1,0,1,0,0,0,0,1,0,0,0
3037,500,450,227,41,1,1,0,0,0,0,1,0,0,0,0,1,0
1163,500,450,0,9432,0,1,0,0,0,0,1,0,0,0,1,0,0
5900,350,400,789,148,1,0,1,0,0,0,1,1,0,0,0,0,0
1051,500,450,1387,143,1,1,0,0,0,0,1,0,0,0,0,1,0
3327,350,400,1873,170,1,0,1,0,0,0,1,0,0,1,0,0,0
6464,350,400,0,670,0,0,1,0,0,0,1,1,0,0,0,0,0
9027,350,400,0,6583,0,0,1,0,0,0,1,0,0,0,1,0,0
7593,350,400,1135,22,1,0,1,0,0,1,0,0,0,0,1,0,0
1124,350,400,485,64,1,0,1,0,0,0,1,1,0,0,0,0,0
7472,350,400,0,1902,0,0,1,0,1,0,0,1,0,0,0,0,0
8145,350,400,299,42,1,0,1,0,0,0,1,1,0,0,0,0,0
8720,500,450,1173,422,1,1,0,0,0,1,0,0,1,0,0,0,0
5915,350,400,0,928,0,0,1,0,0,0,1,0,0,1,0,0,0
878,500,450,559,93,1,1,0,0,0,1,0,0,1,0,0,0,0
7437,500,450,0,2695,0,1,0,0,0,0,1,0,0,1,0,0,0
8134,500,450,390,77,1,1,0,0,0,0,1,0,1,0,0,0,0
3989,350,400,0,5344,0,0,1,0,0,1,0,0,0,0,0,1,0
2154,350,400,0,2159,0,0,1,0,0,0,1,0,0,0,1,0,0
6987,500,450,0,7183,0,1,0,0,0,0,1,0,0,0,1,0,0
4443,350,400,1461,422,1,0,1,0,0,0,1,1,0,0,0,0,0
6859,350,400,1387,632,1,0,1,0,1,0,0,0,0,1,0,0,1
8848,500,450,0,2303,0,1,0,0,0,0,1,0,0,0,1,0,0
3752,350,400,722,7,1,0,1,0,1,0,0,0,1,0,0,0,0
143,500,450,902,15,1,1,0,0,0,0,1,0,0,1,0,0,0
2648,350,400,1254,111,1,0,1,0,0,0,1,1,0,0,0,0,0
5306,350,400,48,3,1,0,1,0,0,1,0,0,0,1,0,0,0
8998,350,400,725,325,1,0,1,0,0,0,1,0,0,0,1,0,0
2861,350,400,1805,282,1,0,1,0,0,0,1,0,0,0,1,0,0
1282,350,400,516,224,1,0,1,0,0,1,0,0,0,0,1,0,0
7164,350,400,104,7,1,0,1,0,0,0,1,0,0,0,1,0,0
5536,700,500,1059,400,1,0,0,1,0,0,1,0,1,0,0,0,0
5904,350,400,1388,95,1,0,1,0,0,0,1,0,0,0,1,0,0
1509,350,400,0,9695,0,0,1,0,1,0,0,0,0,1,0,0,0
8215,350,400,610,276,1,0,1,0,0,1,0,0,1,0,0,0,0
1285,350,400,262,128,1,0,1,0,0,0,1,0,0,0,1,0,0
8606,350,400,98,47,1,0,1,0,0,0,1,0,0,0,1,0,0
6864,350,400,1581,622,1,0,1,0,1,0,0,0,1,0,0,0,0
5885,350,400,790,39,1,0,1,0,0,1,0,0,0,1,0,0,0
380,500,450,0,6160,0,1,0,0,0,1,0,0,0,1,0,0,0
384,350,400,509,177,1,0,1,0,0,1,0,0,0,1,0,0,0
3449,350,400,1933,397,1,0,1,0,0,0,1,0,0,0,0,1,0
4301,350,400,1132,337,1,0,1,0,0,1,0,0,0,0,1,0,0
4273,350,400,267,82,1,0,1,0,0,1,0,0,0,0,0,1,0
3243,350,400,798,272,1,0,1,0,1,0,0,0,0,0,0,1,0
1887,700,500,88,42,1,0,0,1,1,0,0,0,0,0,0,1,0
3220,350,400,0,6414,0,0,1,0,1,0,0,0,0,0,0,1,0
8767,700,500,1512,371,1,0,0,1,0,0,1,1,0,0,0,0,0
7097,500,450,75,8,1,1,0,0,0,0,1,0,0,0,1,0,0
8329,700,500,0,661,0,0,0,1,1,0,0,1,0,0,0,0,0
4674,350,400,1800,385,1,0,1,0,0,1,0,0,0,1,0,0,0
5711,500,450,1667,243,1,1,0,0,0,0,1,0,0,1,0,0,0
6783,350,400,1582,644,1,0,1,0,0,1,0,1,0,0,0,0,0
4230,700,500,1291,457,1,0,0,1,0,1,0,0,0,0,1,0,0
174,350,400,0,5761,0,0,1,0,0,0,1,0,0,0,1,0,0
2831,350,400,0,604,0,0,1,0,0,1,0,1,0,0,0,0,0
7257,350,400,46,8,1,0,1,0,0,1,0,0,0,1,0,0,0
3709,350,400,1162,511,1,0,1,0,0,1,0,0,0,0,1,0,0
7856,350,400,1504,312,1,0,1,0,0,1,0,0,0,0,0,1,0
343,350,400,834,103,1,0,1,0,0,0,1,0,0,0,1,0,0
3262,350,400,0,7803,0,0,1,0,0,1,0,1,0,0,0,0,0
7005,350,400,520,240,1,0,1,0,0,0,1,0,0,0,0,1,0
3613,350,400,0,2932,0,0,1,0,0,0,1,0,0,0,1,0,0
6501,500,450,1217,292,1,1,0,0,0,1,0,1,0,0,0,0,0
9177,350,400,1850,722,1,0,1,0,0,0,1,0,0,1,0,0,0
8492,350,400,0,5738,0,0,1,0,1,0,0,0,0,1,0,0,0
397,700,500,0,5036,0,0,0,1,0,0,1,0,1,0,0,0,0
4495,350,400,0,3441,0,0,1,0,0,0,1,0,0,0,1,0,0
2457,700,500,0,1749,0,0,0,1,0,0,1,0,0,0,1,0,0
220,350,400,171,28,1,0,1,0,0,0,1,1,0,0,0,0,0
1870,350,400,0,4146,0,0,1,0,0,0,1,0,0,1,0,0,0
4955,500,450,1900,643,1,1,0,0,0,1,0,0,0,0,0,1,0
4977,500,450,1540,448,1,1,0,0,0,0,1,0,0,0,1,0,0
7192,350,400,0,7500,0,0,1,0,0,0,1,1,0,0,0,0,0
7847,500,450,1276,441,1,1,0,0,0,0,1,0,0,0,1,0,0
7968,350,400,17,7,1,0,1,0,0,0,1,0,0,0,1,0,0
7489,350,400,208,99,1,0,1,0,1,0,0,0,0,1,0,0,0
2263,500,450,656,137,1,1,0,0,0,0,1,1,0,0,0,0,0
4542,350,400,0,7170,0,0,1,0,0,0,1,0,0,0,1,0,0
6858,350,400,1194,183,1,0,1,0,0,0,1,0,1,0,0,0,0
7757,350,400,0,707,0,0,1,0,0,0,1,1,0,0,0,0,0
5002,700,500,1204,88,1,0,0,1,0,1,0,0,0,0,1,0,0
4663,350,400,136,15,1,0,1,0,0,0,1,0,1,0,0,0,0
7990,500,450,1307,51,1,1,0,0,0,1,0,0,0,0,0,1,0
5056,350,400,447,172,1,0,1,0,0,0,1,1,0,0,0,0,0
3910,350,400,511,146,1,0,1,0,0,0,1,0,0,1,0,0,0
1281,350,400,0,4392,0,0,1,0,0,1,0,0,1,0,0,0,0
8022,350,400,910,269,1,0,1,0,0,1,0,0,1,0,0,0,0
7800,350,400,1110,173,1,0,1,0,0,0,1,0,0,1,0,0,0
9453,700,500,0,534,0,0,0,1,0,0,1,0,0,0,1,0,0
9690,350,400,1045,188,1,0,1,0,0,0,1,1,0,0,0,0,0
6477,700,500,0,6110,0,0,0,1,1,0,0,0,0,1,0,0,0
4178,350,400,0,944,0,0,1,0,0,0,1,0,0,0,1,0,0
9200,350,400,1668,44,1,0,1,0,0,0,1,1,0,0,0,0,0
7286,350,400,1034,249,1,0,1,0,0,0,1,0,0,1,0,0,0
5052,350,400,1779,741,1,0,1,0,0,0,1,1,0,0,0,0,0
8209,350,400,488,158,1,0,1,0,0,0,1,0,0,1,0,0,0
1869,350,400,1676,488,1,0,1,0,0,0,1,1,0,0,0,0,0
1257,700,500,0,2887,0,0,0,1,0,1,0,0,0,1,0,0,0
8340,350,400,1968,280,1,0,1,0,0,0,1,1,0,0,0,0,0
6189,350,400,602,282,1,0,1,0,0,0,1,1,0,0,0,0,0
8624,350,400,1571,471,1,0,1,0,0,0,1,0,1,0,0,0,0
3439,350,400,703,158,1,0,1,0,0,0,1,0,0,1,0,0,0
8737,700,500,0,9470,0,0,0,1,0,1,0,0,0,0,1,0,0
9457,350,400,1867,664,1,0,1,0,0,1,0,0,0,1,0,0,0
2070,350,400,0,4720,0,0,1,0,0,0,1,0,0,1,0,0,0
4250,350,400,1676,300,1,0,1,0,0,0,1,0,0,0,1,0,0
289,500,450,1528,206,1,1,0,0,0,1,0,0,0,0,1,0,0
8229,350,400,1765,353,1,0,1,0,1,0,0,0,0,0,1,0,0
1978,350,400,1076,78,1,0,1,0,0,0,1,0,0,1,0,0,0
5206,500,450,340,123,1,1,0,0,1,0,0,0,0,0,1,0,0
1751,350,400,0,4735,0,0,1,0,0,0,1,0,0,0,1,0,0
3645,350,400,39,8,1,0,1,0,0,0,1,1,0,0,0,0,0
1166,350,400,1706,459,1,0,1,0,0,0,1,0,0,0,1,0,0
8924,350,400,1103,147,1,0,1,0,0,0,1,0,0,0,1,0,0
9842,350,400,1372,226,1,0,1,0,0,0,1,1,0,0,0,0,0
1893,500,450,0,4125,0,1,0,0,0,0,1,0,0,0,1,0,0
5972,350,400,0,2242,0,0,1,0,0,0,1,0,0,0,1,0,0
5151,350,400,1544,236,1,0,1,0,0,1,0,0,0,1,0,0,0
9824,350,400,438,207,1,0,1,0,0,1,0,0,0,0,0,1,0
3959,350,400,0,380,0,0,1,0,0,1,0,0,0,1,0,0,0
2164,350,400,0,7532,0,0,1,0,1,0,0,0,0,1,0,0,0
4978,500,450,204,91,1,1,0,0,1,0,0,0,0,0,1,0,0
5091,350,400,896,298,1,0,1,0,0,0,1,1,0,0,0,0,0
1334,350,400,1404,539,1,0,1,0,0,0,1,0,0,1,0,0,0
4086,350,400,1272,226,1,0,1,0,1,0,0,0,0,1,0,0,0
4629,350,400,1942,560,1,0,1,0,0,0,1,1,0,0,0,0,0
6928,350,400,350,87,1,0,1,0,0,0,1,0,0,0,1,0,0
2002,500,450,0,5522,0,1,0,0,0,0,1,0,0,0,1,0,0
6577,350,400,619,282,1,0,1,0,0,0,1,0,0,1,0,0,0
6978,350,400,523,199,1,0,1,0,1,0,0,0,0,1,0,0,0
627,350,400,0,2660,0,0,1,0,0,0,1,1,0,0,0,0,0
3182,500,450,564,214,1,1,0,0,0,0,1,0,0,1,0,0,0
4234,350,400,0,2951,0,0,1,0,0,1,0,0,0,0,1,0,0
7589,350,400,1135,475,1,0,1,0,0,0,1,0,0,1,0,0,0
6878,500,450,1520,168,1,1,0,0,1,0,0,0,0,0,0,1,0
6951,350,400,1972,188,1,0,1,0,0,0,1,0,0,1,0,0,0
3192,700,500,1782,459,1,0,0,1,0,1,0,1,0,0,0,0,0
9960,700,500,0,4325,0,0,0,1,0,0,1,0,0,0,1,0,0
831,350,400,294,33,1,0,1,0,0,0,1,1,0,0,0,0,0
304,350,400,1993,862,1,0,1,0,0,0,1,0,0,1,0,0,0
6199,350,400,0,1824,0,0,1,0,0,0,1,0,0,0,1,0,0
7872,350,400,460,10,1,0,1,0,0,1,0,1,0,0,0,0,0
8269,350,400,1437,646,1,0,1,0,0,0,1,0,0,1,0,0,0
281,350,400,0,7855,0,0,1,0,0,0,1,0,0,0,1,0,0
3473,350,400,1599,625,1,0,1,0,1,0,0,0,0,1,0,0,0
9323,500,450,0,1582,0,1,0,0,0,0,1,0,0,1,0,0,0
3239,350,400,0,6749,0,0,1,0,0,0,1,0,0,0,1,0,0
3009,350,400,873,288,1,0,1,0,1,0,0,0,0,0,0,1,0
2380,350,400,1670,6,1,0,1,0,1,0,0,0,0,0,0,1,0
2735,350,400,1098,116,1,0,1,0,0,0,1,0,0,0,0,1,0
9195,350,400,0,6543,0,0,1,0,0,1,0,0,0,0,1,0,0
6136,500,450,1706,234,1,1,0,0,0,1,0,0,0,0,0,1,0
8846,500,450,0,1703,0,1,0,0,1,0,0,0,0,0,1,0,0
7203,350,400,0,1145,0,0,1,0,0,0,1,0,1,0,0,0,0
895,500,450,170,61,1,1,0,0,0,0,1,0,0,0,0,1,0
5004,350,400,1461,112,1,0,1,0,0,0,1,0,0,1,0,0,0
772,700,500,1298,6,1,0,0,1,0,0,1,1,0,0,0,0,0
7216,350,400,377,90,1,0,1,0,0,0,1,0,0,1,0,0,0
1332,350,400,385,13,1,0,1,0,0,0,1,0,1,0,0,0,0
3625,500,450,0,2899,0,1,0,0,0,0,1,0,0,0,1,0,0
8222,350,400,0,7257,0,0,1,0,0,0,1,1,0,0,0,0,0
6022,350,400,0,2069,0,0,1,0,0,0,1,0,0,0,1,0,0
7446,350,400,0,3282,0,0,1,0,0,0,1,0,0,0,1,0,0
4297,350,400,138,3,1,0,1,0,0,0,1,0,0,0,0,1,0
2796,500,450,1255,148,1,1,0,0,0,0,1,1,0,0,0,0,0
1456,350,400,0,1542,0,0,1,0,1,0,0,0,0,0,0,1,0
7397,350,400,0,4051,0,0,1,0,0,0,1,0,0,0,0,1,0
7728,500,450,515,54,1,1,0,0,0,1,0,0,0,0,1,0,0
7803,350,400,0,3795,0,0,1,0,0,0,1,0,0,0,0,1,0
3822,350,400,221,22,1,0,1,0,0,0,1,0,0,1,0,0,0
317,350,400,0,7775,0,0,1,0,0,0,1,0,0,0,1,0,0
4402,350,400,75,26,1,0,1,0,0,0,1,0,0,0,0,1,0
2658,350,400,1646,194,1,0,1,0,0,0,1,0,0,1,0,0,0
2337,350,400,1718,800,1,0,1,0,1,0,0,0,1,0,0,0,0
1275,500,450,245,100,1,1,0,0,0,0,1,0,0,0,0,1,0
8576,500,450,0,8973,0,1,0,0,0,0,1,0,0,1,0,0,0
4266,500,450,898,54,1,1,0,0,0,1,0,0,0,0,0,1,0
3261,500,450,1568,231,1,1,0,0,0,0,1,0,1,0,0,0,0
2709,500,450,0,555,0,1,0,0,0,1,0,0,0,0,1,0,0
8463,350,400,1848,185,1,0,1,0,0,0,1,0,1,0,0,0,0
4428,350,400,0,9365,0,0,1,0,0,0,1,0,0,1,0,0,0
5431,350,400,1365,292,1,0,1,0,0,0,1,1,0,0,0,0,0
1570,350,400,1286,465,1,0,1,0,0,0,1,0,0,0,1,0,0
1065,350,400,506,31,1,0,1,0,0,1,0,0,0,0,1,0,0
5148,700,500,1839,738,1,0,0,1,0,0,1,0,0,0,1,0,0
8763,350,400,686,105,1,0,1,0,0,0,1,0,0,0,0,1,0
9180,350,400,1427,387,1,0,1,0,0,0,1,0,0,1,0,0,0
1425,500,450,0,7883,0,1,0,0,1,0,0,0,1,0,0,0,0
3749,500,450,856,1,1,1,0,0,0,0,1,0,1,0,0,0,1
8420,350,400,647,59,1,0,1,0,0,0,1,1,0,0,0,0,0
2661,350,400,931,167,1,0,1,0,1,0,0,0,0,0,1,0,0
9619,500,450,1327,435,1,1,0,0,0,0,1,0,0,0,1,0,0
4341,350,400,381,67,1,0,1,0,0,0,1,0,0,0,1,0,0
2712,350,400,74,25,1,0,1,0,0,0,1,1,0,0,0,0,0
1726,350,400,1443,48,1,0,1,0,0,0,1,0,0,0,1,0,0
1189,350,400,1240,69,1,0,1,0,1,0,0,0,0,0,1,0,0
8426,350,400,122,25,1,0,1,0,0,1,0,1,0,0,0,0,0
388,350,400,0,6377,0,0,1,0,0,0,1,0,0,0,0,1,0
4719,500,450,638,227,1,1,0,0,0,1,0,0,0,0,1,0,0
7541,350,400,0,8588,0,0,1,0,0,0,1,1,0,0,0,0,0
3465,350,400,927,285,1,0,1,0,0,1,0,1,0,0,0,0,0
9215,350,400,1404,99,1,0,1,0,0,0,1,0,1,0,0,0,0
7608,700,500,166,2,1,0,0,1,0,0,1,0,0,0,0,1,0
7272,700,500,990,421,1,0,0,1,0,0,1,1,0,0,0,0,0
7917,500,450,277,86,1,1,0,0,0,1,0,0,0,1,0,0,0
9306,350,400,597,229,1,0,1,0,0,0,1,1,0,0,0,0,0
2293,350,400,179,45,1,0,1,0,0,0,1,1,0,0,0,0,0
8256,350,400,946,326,1,0,1,0,0,1,0,1,0,0,0,0,0
7761,350,400,1847,894,1,0,1,0,0,1,0,0,0,0,1,0,1
103,350,400,0,2359,0,0,1,0,0,0,1,1,0,0,0,0,0
1218,350,400,1537,146,1,0,1,0,0,1,0,0,0,0,1,0,0
9205,350,400,867,163,1,0,1,0,0,0,1,0,0,0,1,0,0
6261,350,400,35,16,1,0,1,0,0,0,1,0,0,1,0,0,0
4401,350,400,0,9641,0,0,1,0,0,1,0,0,0,1,0,0,0
6300,500,450,1379,373,1,1,0,0,0,0,1,0,0,1,0,0,0
6986,500,450,1682,829,1,1,0,0,0,0,1,0,0,0,1,0,0
8234,350,400,1691,709,1,0,1,0,1,0,0,1,0,0,0,0,0
8418,350,400,1426,200,1,0,1,0,0,0,1,0,0,0,1,0,0
2608,350,400,1178,397,1,0,1,0,0,0,1,1,0,0,0,0,0
6796,700,500,528,25,1,0,0,1,0,1,0,0,0,0,1,0,0
1594,500,450,0,113,0,1,0,0,0,0,1,0,0,0,0,1,0
4018,350,400,0,9320,0,0,1,0,0,1,0,0,0,1,0,0,0
7578,350,400,707,63,1,0,1,0,0,0,1,0,0,1,0,0,0
1941,350,400,1839,214,1,0,1,0,0,1,0,0,0,1,0,0,0
158,350,400,0,4148,0,0,1,0,0,1,0,0,0,0,1,0,0
8002,350,400,955,119,1,0,1,0,0,0,1,1,0,0,0,0,0
6153,350,400,965,80,1,0,1,0,0,0,1,0,0,0,1,0,0
4710,350,400,1531,584,1,0,1,0,1,0,0,0,0,0,1,0,0
8548,500,450,614,2,1,1,0,0,0,1,0,0,0,0,1,0,0
6487,350,400,0,2262,0,0,1,0,0,0,1,0,1,0,0,0,0
5983,350,400,827,394,1,0,1,0,0,0,1,1,0,0,0,0,0
4917,500,450,1371,676,1,1,0,0,0,0,1,0,0,1,0,0,0
7460,350,400,424,187,1,0,1,0,1,0,0,0,0,1,0,0,0
4920,350,400,453,160,1,0,1,0,1,0,0,0,0,1,0,0,0
7587,350,400,864,340,1,0,1,0,0,1,0,0,1,0,0,0,0
5364,500,450,513,13,1,1,0,0,0,0,1,0,0,1,0,0,0
7488,350,400,488,138,1,0,1,0,0,0,1,0,0,0,0,1,0
2641,500,450,1675,426,1,1,0,0,0,0,1,0,0,0,1,0,0
1912,350,400,451,38,1,0,1,0,0,0,1,0,0,0,0,1,0
4045,500,450,0,8514,0,1,0,0,0,0,1,0,0,1,0,0,0
6983,350,400,362,145,1,0,1,0,0,0,1,0,0,0,0,1,0
2397,700,500,0,8216,0,0,0,1,0,0,1,1,0,0,0,0,0
3860,350,400,0,5981,0,0,1,0,0,1,0,0,0,1,0,0,0
5468,350,400,639,85,1,0,1,0,0,0,1,0,0,0,1,0,0
5512,350,400,1005,44,1,0,1,0,0,0,1,0,0,0,0,1,0
8635,500,450,1090,205,1,1,0,0,0,1,0,0,1,0,0,0,0
9871,500,450,1099,312,1,1,0,0,0,1,0,0,0,1,0,0,0
2379,350,400,1857,301,1,0,1,0,0,0,1,0,0,1,0,0,0
747,500,450,151,60,1,1,0,0,0,1,0,0,0,1,0,0,0
802,350,400,305,110,1,0,1,0,0,0,1,1,0,0,0,0,0
1180,350,400,310,23,1,0,1,0,0,0,1,1,0,0,0,0,0
9855,350,400,1992,631,1,0,1,0,0,0,1,0,0,1,0,0,0
5649,350,400,1300,576,1,0,1,0,0,0,1,0,0,1,0,0,0
1994,350,400,0,1232,0,0,1,0,0,0,1,0,0,0,0,1,0
1783,350,400,1779,304,1,0,1,0,0,1,0,0,0,0,0,1,0
1170,350,400,0,9247,0,0,1,0,1,0,0,0,0,1,0,0,0
4323,350,400,252,116,1,0,1,0,0,0,1,0,0,1,0,0,0
9959,350,400,0,4818,0,0,1,0,1,0,0,1,0,0,0,0,0
8080,350,400,423,182,1,0,1,0,0,0,1,0,0,0,0,1,0
4897,350,400,0,1275,0,0,1,0,0,0,1,0,0,0,1,0,0
1643,350,400,222,87,1,0,1,0,0,0,1,1,0,0,0,0,0
1437,700,500,1520,254,1,0,0,1,0,1,0,0,0,0,1,0,0
4103,500,450,0,5455,0,1,0,0,0,0,1,1,0,0,0,0,0
561,500,450,803,116,1,1,0,0,0,1,0,0,0,0,1,0,0
7690,350,400,1898,918,1,0,1,0,0,0,1,0,0,0,1,0,0
3972,500,450,310,121,1,1,0,0,0,1,0,0,1,0,0,0,0
2769,350,400,396,153,1,0,1,0,0,0,1,0,0,0,1,0,0
4713,350,400,76,9,1,0,1,0,1,0,0,0,0,0,1,0,0
2520,700,500,62,12,1,0,0,1,1,0,0,1,0,0,0,0,0
7894,350,400,494,3,1,0,1,0,0,0,1,0,0,1,0,0,0
3682,350,400,0,9024,0,0,1,0,0,0,1,0,0,0,1,0,0
1765,350,400,0,3655,0,0,1,0,0,0,1,0,0,1,0,0,0
9735,500,450,1005,178,1,1,0,0,1,0,0,0,0,0,1,0,0
7884,350,400,1698,539,1,0,1,0,0,1,0,0,1,0,0,0,0
9651,350,400,1156,203,1,0,1,0,0,0,1,0,0,0,0,1,0
2860,350,400,1387,245,1,0,1,0,0,0,1,0,0,0,1,0,0
8026,350,400,0,9144,0,0,1,0,0,1,0,0,0,1,0,0,0
3412,500,450,92,44,1,1,0,0,0,0,1,0,0,1,0,0,0
7402,500,450,0,1562,0,1,0,0,0,0,1,0,0,1,0,0,0
9843,350,400,1818,794,1,0,1,0,0,0,1,1,0,0,0,0,0
379,350,400,1636,490,1,0,1,0,0,0,1,0,0,0,1,0,1
3628,350,400,0,1880,0,0,1,0,0,1,0,0,0,1,0,0,0
4516,700,500,533,186,1,0,0,1,0,0,1,1,0,0,0,0,0
1892,350,400,0,8177,0,0,1,0,0,1,0,0,1,0,0,0,0
122,350,400,0,2214,0,0,1,0,1,0,0,1,0,0,0,0,0
2759,350,400,0,5061,0,0,1,0,0,0,1,0,1,0,0,0,0
6791,350,400,210,47,1,0,1,0,0,0,1,1,0,0,0,0,0
4771,350,400,0,7295,0,0,1,0,0,0,1,0,0,0,0,1,0
3410,500,450,0,4011,0,1,0,0,0,0,1,0,0,0,0,1,0
6843,350,400,36,6,1,0,1,0,0,1,0,1,0,0,0,0,0
526,500,450,0,7237,0,1,0,0,0,1,0,0,0,1,0,0,0
9821,350,400,29,6,1,0,1,0,0,0,1,0,0,1,0,0,0
8101,350,400,0,8471,0,0,1,0,0,0,1,0,0,1,0,0,0
3151,350,400,1896,617,1,0,1,0,0,0,1,0,0,0,0,1,0
2640,350,400,924,427,1,0,1,0,0,0,1,0,0,0,1,0,0
4069,350,400,1076,157,1,0,1,0,0,0,1,0,0,0,1,0,0
8511,700,500,1748,713,1,0,0,1,0,1,0,0,0,1,0,0,0
3435,350,400,1741,13,1,0,1,0,0,0,1,0,0,1,0,0,0
7700,350,400,760,312,1,0,1,0,0,0,1,1,0,0,0,0,0
2400,350,400,0,9017,0,0,1,0,0,1,0,0,0,1,0,0,0
4139,350,400,0,8787,0,0,1,0,1,0,0,0,0,1,0,0,0
7190,350,400,0,1705,0,0,1,0,0,0,1,0,0,1,0,0,0
8952,350,400,204,34,1,0,1,0,0,0,1,0,0,1,0,0,0
5530,350,400,908,383,1,0,1,0,0,0,1,0,0,1,0,0,0
2980,350,400,0,6592,0,0,1,0,0,0,1,0,0,0,1,0,0
8460,350,400,0,6869,0,0,1,0,0,0,1,1,0,0,0,0,0
3679,700,500,1625,305,1,0,0,1,1,0,0,0,0,1,0,0,0
8327,350,400,1812,158,1,0,1,0,0,0,1,0,0,1,0,0,0
2529,500,450,551,248,1,1,0,0,1,0,0,0,1,0,0,0,0
9295,350,400,1124,381,1,0,1,0,0,1,0,1,0,0,0,0,0
2384,500,450,1463,659,1,1,0,0,1,0,0,0,0,1,0,0,0
3505,350,400,1265,204,1,0,1,0,0,0,1,1,0,0,0,0,0
2141,350,400,620,218,1,0,1,0,0,0,1,1,0,0,0,0,0
2813,350,400,278,72,1,0,1,0,0,1,0,0,1,0,0,0,0
8840,350,400,1366,635,1,0,1,0,0,0,1,0,1,0,0,0,0
9850,350,400,1470,477,1,0,1,0,0,0,1,0,1,0,0,0,0
5081,500,450,1443,565,1,1,0,0,1,0,0,0,0,1,0,0,0
187,500,450,1892,649,1,1,0,0,0,0,1,0,0,0,0,1,0
2923,350,400,962,259,1,0,1,0,0,0,1,0,1,0,0,0,0
185,350,400,489,116,1,0,1,0,1,0,0,0,0,1,0,0,0
4585,700,500,1569,783,1,0,0,1,0,0,1,0,0,0,1,0,0
3723,350,400,0,5541,0,0,1,0,0,1,0,0,0,1,0,0,0
4549,500,450,1662,681,1,1,0,0,0,1,0,1,0,0,0,0,0
6099,500,450,0,2331,0,1,0,0,1,0,0,0,0,0,1,0,0
9782,350,400,0,5875,0,0,1,0,1,0,0,0,0,0,0,1,0
1733,350,400,983,474,1,0,1,0,0,1,0,0,0,1,0,0,0
3379,350,400,39,6,1,0,1,0,1,0,0,0,0,1,0,0,0
4141,500,450,829,55,1,1,0,0,0,1,0,0,0,1,0,0,0
9107,700,500,1040,411,1,0,0,1,0,0,1,1,0,0,0,0,0
8585,350,400,1083,78,1,0,1,0,0,0,1,0,0,1,0,0,0
2746,500,450,1173,430,1,1,0,0,0,1,0,0,0,1,0,0,0
6580,500,450,1896,51,1,1,0,0,0,0,1,0,0,1,0,0,0
9688,500,450,0,604,0,1,0,0,1,0,0,0,0,0,1,0,0
6674,700,500,27,8,1,0,0,1,0,1,0,0,1,0,0,0,0
5548,700,500,256,2,1,0,0,1,0,0,1,0,0,0,0,1,0
7582,350,400,1943,37,1,0,1,0,0,1,0,0,0,1,0,0,0
4734,500,450,0,5516,0,1,0,0,1,0,0,1,0,0,0,0,0
5753,500,450,1605,584,1,1,0,0,0,1,0,0,0,0,0,1,0
6418,350,400,1648,224,1,0,1,0,0,0,1,0,0,0,1,0,0
8911,500,450,0,3575,0,1,0,0,1,0,0,0,0,1,0,0,0
8621,500,450,1359,39,1,1,0,0,0,1,0,0,0,0,0,1,0
2678,700,500,887,228,1,0,0,1,0,1,0,0,0,1,0,0,0
9703,350,400,806,364,1,0,1,0,0,0,1,0,0,0,0,1,0
3960,350,400,351,112,1,0,1,0,0,0,1,1,0,0,0,0,0
6052,350,400,859,168,1,0,1,0,1,0,0,0,0,0,1,0,0
5619,350,400,0,2342,0,0,1,0,0,0,1,0,0,0,1,0,0
3916,350,400,1555,404,1,0,1,0,0,1,0,0,1,0,0,0,0
7635,500,450,1253,55,1,1,0,0,0,1,0,0,0,1,0,0,0
4881,700,500,251,111,1,0,0,1,0,0,1,0,0,1,0,0,0
8481,350,400,1161,129,1,0,1,0,0,0,1,0,0,0,1,0,0
98,350,400,95,7,1,0,1,0,0,1,0,1,0,0,0,0,0
8981,350,400,1006,286,1,0,1,0,1,0,0,0,0,0,0,1,0
9833,350,400,491,90,1,0,1,0,0,0,1,0,1,0,0,0,0
3460,500,450,1826,897,1,1,0,0,0,0,1,0,0,1,0,0,0
2402,350,400,1596,291,1,0,1,0,0,1,0,1,0,0,0,0,0
6579,350,400,528,256,1,0,1,0,0,0,1,0,0,1,0,0,0
4849,350,400,1939,665,1,0,1,0,0,0,1,1,0,0,0,0,0
9734,500,450,952,46,1,1,0,0,0,0,1,1,0,0,0,0,0
2786,350,400,0,8018,0,0,1,0,0,0,1,0,1,0,0,0,0
8407,350,400,958,167,1,0,1,0,0,0,1,1,0,0,0,0,0
376,500,450,1534,354,1,1,0,0,0,0,1,0,0,0,1,0,0
9461,500,450,969,279,1,1,0,0,0,0,1,0,1,0,0,0,0
2004,350,400,504,126,1,0,1,0,0,0,1,0,0,1,0,0,0
2103,350,400,1837,753,1,0,1,0,0,0,1,1,0,0,0,0,0
6544,350,400,1216,394,1,0,1,0,0,0,1,0,0,0,0,1,0
5420,350,400,0,3613,0,0,1,0,0,1,0,1,0,0,0,0,0
1829,350,400,1756,568,1,0,1,0,0,1,0,0,0,0,1,0,0
7714,350,400,1725,554,1,0,1,0,0,0,1,0,0,0,0,1,0
5757,350,400,1622,308,1,0,1,0,0,1,0,0,1,0,0,0,0
1817,350,400,985,257,1,0,1,0,0,0,1,0,1,0,0,0,0
3149,350,400,715,61,1,0,1,0,0,1,0,0,0,0,1,0,0
3433,350,400,0,732,0,0,1,0,0,0,1,0,0,0,1,0,0
8238,500,450,1557,225,1,1,0,0,0,1,0,0,0,0,0,1,0
5095,350,400,0,9020,0,0,1,0,0,0,1,0,0,1,0,0,0
1151,500,450,820,13,1,1,0,0,0,0,1,0,0,0,1,0,0
8217,350,400,836,233,1,0,1,0,0,1,0,1,0,0,0,0,0
8966,350,400,1032,335,1,0,1,0,0,1,0,1,0,0,0,0,0
9385,350,400,0,4182,0,0,1,0,0,0,1,1,0,0,0,0,0
1931,350,400,731,265,1,0,1,0,0,1,0,0,0,1,0,0,0
6523,350,400,1430,28,1,0,1,0,0,0,1,1,0,0,0,0,0
1022,500,450,599,117,1,1,0,0,0,1,0,0,0,0,1,0,0
1917,350,400,187,68,1,0,1,0,0,1,0,0,0,1,0,0,0
4066,350,400,444,17,1,0,1,0,1,0,0,0,0,1,0,0,0
6918,350,400,1891,688,1,0,1,0,0,0,1,0,0,1,0,0,0
8572,350,400,1175,401,1,0,1,0,0,0,1,0,0,1,0,0,0
8430,500,450,438,38,1,1,0,0,0,0,1,0,0,0,1,0,0
8703,350,400,0,6408,0,0,1,0,0,1,0,0,0,1,0,0,0
987,350,400,0,5460,0,0,1,0,1,0,0,0,0,0,1,0,0
8136,350,400,978,195,1,0,1,0,0,0,1,0,0,0,1,0,0
4969,350,400,0,6959,0,0,1,0,0,1,0,0,1,0,0,0,0
2179,500,450,1572,757,1,1,0,0,0,0,1,0,0,1,0,0,0
825,350,400,362,139,1,0,1,0,0,1,0,0,1,0,0,0,0
9922,350,400,1292,122,1,0,1,0,0,0,1,0,1,0,0,0,0
8601,350,400,521,205,1,0,1,0,0,0,1,1,0,0,0,0,0
1278,350,400,522,135,1,0,1,0,0,0,1,0,0,1,0,0,0
8116,500,450,0,2260,0,1,0,0,0,0,1,0,0,1,0,0,0
4111,700,500,0,6117,0,0,0,1,0,0,1,1,0,0,0,0,0
9150,350,400,0,2891,0,0,1,0,0,1,0,0,0,0,1,0,0
4668,350,400,1842,642,1,0,1,0,0,0,1,0,0,1,0,0,0
1213,350,400,0,1650,0,0,1,0,0,0,1,0,0,0,1,0,0
8588,350,400,1514,629,1,0,1,0,0,0,1,0,0,1,0,0,0
5687,350,400,575,54,1,0,1,0,0,1,0,0,0,1,0,0,0
4269,350,400,1334,262,1,0,1,0,0,0,1,0,0,0,1,0,0
7177,500,450,815,61,1,1,0,0,1,0,0,0,0,0,1,0,0
6485,700,500,0,6553,0,0,0,1,0,0,1,1,0,0,0,0,0
1353,700,500,0,8499,0,0,0,1,0,0,1,1,0,0,0,0,0
5519,350,400,1672,156,1,0,1,0,0,0,1,1,0,0,0,0,0
6166,350,400,427,93,1,0,1,0,0,0,1,0,0,1,0,0,0
6725,350,400,340,84,1,0,1,0,0,0,1,1,0,0,0,0,0
8157,350,400,1768,385,1,0,1,0,0,1,0,1,0,0,0,0,0
1714,700,500,0,7627,0,0,0,1,0,1,0,1,0,0,0,0,0
8671,350,400,148,2,1,0,1,0,0,0,1,1,0,0,0,0,0
3193,700,500,1643,225,1,0,0,1,0,0,1,0,0,1,0,0,0
9375,350,400,0,2605,0,0,1,0,1,0,0,1,0,0,0,0,0
3648,350,400,0,4816,0,0,1,0,0,0,1,0,0,1,0,0,0
394,700,500,530,233,1,0,0,1,0,0,1,0,1,0,0,0,0
3987,350,400,1544,666,1,0,1,0,0,1,0,0,0,1,0,0,0
867,350,400,292,24,1,0,1,0,1,0,0,0,0,1,0,0,0
5845,350,400,1656,827,1,0,1,0,1,0,0,0,0,0,0,1,0
2724,350,400,1020,81,1,0,1,0,0,1,0,0,0,0,1,0,0
7170,350,400,1959,124,1,0,1,0,0,1,0,0,0,1,0,0,0
4948,350,400,1094,400,1,0,1,0,0,1,0,0,0,0,1,0,0
8023,350,400,1447,64,1,0,1,0,0,0,1,0,0,0,1,0,0
147,350,400,518,31,1,0,1,0,0,0,1,0,0,0,1,0,0
2305,350,400,19,3,1,0,1,0,0,1,0,1,0,0,0,0,0
4994,350,400,988,44,1,0,1,0,0,1,0,0,0,1,0,0,0
3768,350,400,1541,138,1,0,1,0,0,0,1,1,0,0,0,0,0
8174,350,400,313,117,1,0,1,0,0,0,1,1,0,0,0,0,0
6202,500,450,1262,597,1,1,0,0,0,0,1,0,0,1,0,0,0
8056,350,400,0,1630,0,0,1,0,0,0,1,0,0,0,0,1,0
1002,500,450,1317,587,1,1,0,0,1,0,0,0,0,0,0,1,0
6147,350,400,0,5788,0,0,1,0,0,0,1,0,0,0,1,0,0
460,700,500,524,172,1,0,0,1,0,1,0,0,0,0,1,0,0
1116,350,400,1984,632,1,0,1,0,1,0,0,1,0,0,0,0,0
3270,350,400,628,153,1,0,1,0,0,0,1,0,0,0,1,0,0
8900,350,400,1729,415,1,0,1,0,0,0,1,0,0,1,0,0,0
4109,500,450,0,1138,0,1,0,0,1,0,0,0,0,0,1,0,0
6365,500,450,395,116,1,1,0,0,0,0,1,0,1,0,0,0,0
2818,350,400,1982,563,1,0,1,0,0,0,1,0,0,0,0,1,0
5283,500,450,0,4540,0,1,0,0,0,1,0,0,0,1,0,0,0
7550,700,500,1889,105,1,0,0,1,0,1,0,0,0,0,1,0,0
2315,700,500,0,8433,0,0,0,1,0,1,0,1,0,0,0,0,0
6200,350,400,353,101,1,0,1,0,0,0,1,0,0,1,0,0,0
8252,700,500,1047,410,1,0,0,1,0,1,0,0,1,0,0,0,0
2168,350,400,598,228,1,0,1,0,0,0,1,0,0,0,1,0,0
4110,350,400,380,16,1,0,1,0,0,0,1,1,0,0,0,0,0
4727,350,400,0,5232,0,0,1,0,0,0,1,0,0,0,1,0,0
6106,350,400,1081,81,1,0,1,0,0,0,1,0,0,1,0,0,0
4131,350,400,0,1724,0,0,1,0,0,0,1,0,0,0,0,1,0
8079,350,400,1149,87,1,0,1,0,0,1,0,1,0,0,0,0,0
7119,350,400,1438,412,1,0,1,0,0,0,1,0,1,0,0,0,0
7301,700,500,0,801,0,0,0,1,0,0,1,0,0,0,0,1,0
1986,350,400,1877,399,1,0,1,0,0,0,1,0,0,0,0,1,0
9653,350,400,1843,428,1,0,1,0,1,0,0,0,0,1,0,0,0
5198,700,500,564,163,1,0,0,1,0,0,1,0,0,0,1,0,0
7727,350,400,0,1442,0,0,1,0,0,0,1,1,0,0,0,0,0
4513,500,450,1188,144,1,1,0,0,0,0,1,0,0,0,1,0,0
5923,350,400,1399,250,1,0,1,0,0,0,1,0,0,0,1,0,0
864,700,500,964,414,1,0,0,1,0,1,0,0,1,0,0,0,0
6974,500,450,0,9967,0,1,0,0,0,0,1,0,0,0,1,0,0
2676,500,450,1040,223,1,1,0,0,0,1,0,0,0,0,0,1,0
2571,350,400,744,143,1,0,1,0,0,0,1,0,0,1,0,0,0
5426,350,400,0,9194,0,0,1,0,0,1,0,0,0,1,0,0,0
393,500,450,1452,374,1,1,0,0,1,0,0,0,0,1,0,0,0
5514,350,400,1673,510,1,0,1,0,0,0,1,0,0,1,0,0,0
9392,500,450,82,31,1,1,0,0,1,0,0,1,0,0,0,0,0
3759,350,400,0,7275,0,0,1,0,0,0,1,0,0,1,0,0,0
7009,350,400,1067,41,1,0,1,0,0,0,1,1,0,0,0,0,0
6225,350,400,1066,21,1,0,1,0,0,1,0,1,0,0,0,0,0
6551,700,500,1198,427,1,0,0,1,0,0,1,0,1,0,0,0,0
4442,350,400,532,175,1,0,1,0,0,0,1,1,0,0,0,0,0
7983,350,400,215,92,1,0,1,0,1,0,0,0,0,1,0,0,0
6830,350,400,0,4108,0,0,1,0,0,0,1,0,0,0,1,0,0
4911,350,400,890,365,1,0,1,0,0,1,0,0,0,1,0,0,0
1715,350,400,1144,245,1,0,1,0,0,0,1,0,1,0,0,0,0
9067,500,450,1597,560,1,1,0,0,0,0,1,1,0,0,0,0,0
9895,350,400,0,7039,0,0,1,0,0,0,1,0,0,1,0,0,0
2423,350,400,87,36,1,0,1,0,1,0,0,0,0,0,1,0,0
9996,350,400,0,8299,0,0,1,0,0,0,1,0,0,0,0,1,0
5788,350,400,129,19,1,0,1,0,0,0,1,1,0,0,0,0,0
3518,350,400,1515,286,1,0,1,0,0,0,1,0,0,0,0,1,0
6215,350,400,0,175,0,0,1,0,0,1,0,0,1,0,0,0,0
1060,350,400,968,423,1,0,1,0,0,1,0,0,0,1,0,0,0
8324,350,400,630,2,1,0,1,0,0,1,0,0,0,0,0,1,0
7743,500,450,1306,301,1,1,0,0,1,0,0,0,0,1,0,0,0
4476,350,400,0,1406,0,0,1,0,0,1,0,1,0,0,0,0,0
9137,500,450,1834,456,1,1,0,0,0,0,1,0,0,0,1,0,0
2265,350,400,403,166,1,0,1,0,0,0,1,0,0,0,0,1,0
6131,350,400,757,295,1,0,1,0,0,0,1,0,0,0,1,0,0
9440,350,400,0,6548,0,0,1,0,0,1,0,1,0,0,0,0,0
634,350,400,228,38,1,0,1,0,0,0,1,0,0,1,0,0,0
9015,350,400,1170,143,1,0,1,0,0,0,1,1,0,0,0,0,0
1638,700,500,1401,229,1,0,0,1,1,0,0,1,0,0,0,0,0
3800,500,450,1599,176,1,1,0,0,0,0,1,0,0,0,0,1,0
3223,350,400,666,118,1,0,1,0,0,0,1,0,0,1,0,0,0
2350,350,400,331,78,1,0,1,0,0,0,1,0,0,1,0,0,0
7167,500,450,387,76,1,1,0,0,0,1,0,0,0,0,0,1,0
451,350,400,0,5249,0,0,1,0,0,0,1,0,0,0,1,0,0
1123,350,400,1018,340,1,0,1,0,0,0,1,0,0,0,0,1,0
2033,350,400,0,8455,0,0,1,0,0,0,1,0,0,0,0,1,0
5895,700,500,0,137,0,0,0,1,0,0,1,0,0,1,0,0,0
8542,350,400,0,4421,0,0,1,0,1,0,0,0,0,1,0,0,0
5467,350,400,467,165,1,0,1,0,0,1,0,0,0,0,1,0,0
7380,350,400,282,93,1,0,1,0,0,1,0,0,0,0,0,1,0
3304,500,450,753,265,1,1,0,0,0,1,0,0,0,0,1,0,0
1571,350,400,0,2622,0,0,1,0,0,0,1,0,0,0,1,0,0
1223,700,500,0,5962,0,0,0,1,0,1,0,0,0,1,0,0,0
544,350,400,456,105,1,0,1,0,1,0,0,0,0,0,0,1,0
643,350,400,0,3940,0,0,1,0,0,0,1,0,0,0,1,0,0
3993,500,450,1216,486,1,1,0,0,0,0,1,1,0,0,0,0,0
5706,350,400,1465,344,1,0,1,0,0,0,1,0,0,0,1,0,0
1690,350,400,1713,570,1,0,1,0,0,0,1,0,0,1,0,0,0
5125,500,450,1651,95,1,1,0,0,0,0,1,0,0,0,1,0,0
866,500,450,1837,771,1,1,0,0,0,0,1,0,0,1,0,0,0
2446,500,450,1956,596,1,1,0,0,0,0,1,0,0,0,0,1,0
4834,350,400,0,9349,0,0,1,0,1,0,0,0,0,0,0,1,0
6134,350,400,0,7466,0,0,1,0,0,0,1,0,0,0,0,1,0
787,700,500,100,2,1,0,0,1,0,0,1,0,0,0,1,0,0
3998,350,400,555,173,1,0,1,0,0,1,0,1,0,0,0,0,0
4324,350,400,516,69,1,0,1,0,0,1,0,0,0,1,0,0,0
9376,500,450,1857,623,1,1,0,0,0,1,0,0,0,0,1,0,1
2669,500,450,772,299,1,1,0,0,0,0,1,0,0,1,0,0,0
9329,500,450,0,8872,0,1,0,0,0,1,0,0,0,0,1,0,0
6399,350,400,0,3962,0,0,1,0,0,0,1,0,0,0,0,1,0
8678,500,450,749,136,1,1,0,0,0,0,1,0,0,1,0,0,0
2782,700,500,0,1740,0,0,0,1,0,0,1,0,0,0,1,0,0
5992,500,450,1454,531,1,1,0,0,0,0,1,1,0,0,0,0,0
8285,350,400,0,8880,0,0,1,0,0,0,1,0,0,1,0,0,0
7417,350,400,1633,252,1,0,1,0,0,1,0,0,0,0,1,0,0
8802,350,400,914,47,1,0,1,0,0,0,1,0,1,0,0,0,0
4388,350,400,284,85,1,0,1,0,0,0,1,0,0,0,0,1,0
2237,350,400,966,231,1,0,1,0,0,0,1,0,0,1,0,0,0
6395,350,400,399,17,1,0,1,0,0,1,0,0,1,0,0,0,0
1868,350,400,1759,87,1,0,1,0,0,0,1,1,0,0,0,0,0
2799,350,400,0,2181,0,0,1,0,0,1,0,0,0,0,0,1,0
4240,350,400,1943,820,1,0,1,0,1,0,0,0,0,1,0,0,0
2272,350,400,1888,890,1,0,1,0,0,1,0,0,0,0,0,1,0
4101,350,400,0,4656,0,0,1,0,0,0,1,0,0,0,0,1,0
5722,350,400,877,78,1,0,1,0,0,0,1,0,0,1,0,0,0
7290,350,400,883,208,1,0,1,0,0,1,0,0,0,0,1,0,0
9951,350,400,261,8,1,0,1,0,0,0,1,1,0,0,0,0,0
3018,500,450,1488,623,1,1,0,0,0,1,0,0,0,0,1,0,0
6531,350,400,27,4,1,0,1,0,0,0,1,0,0,1,0,0,0
2915,500,450,1030,272,1,1,0,0,0,1,0,0,0,0,1,0,0
2664,350,400,105,2,1,0,1,0,0,0,1,0,0,0,1,0,0
9831,350,400,1817,753,1,0,1,0,1,0,0,0,0,0,1,0,0
821,350,400,1856,108,1,0,1,0,0,1,0,0,0,0,1,0,0
5546,350,400,891,302,1,0,1,0,0,1,0,0,0,1,0,0,0
2244,500,450,97,43,1,1,0,0,0,0,1,1,0,0,0,0,0
1118,500,450,0,8515,0,1,0,0,0,0,1,1,0,0,0,0,0
2405,350,400,434,104,1,0,1,0,0,0,1,0,0,0,1,0,0
7829,350,400,1099,540,1,0,1,0,0,1,0,0,1,0,0,0,0
2119,350,400,754,251,1,0,1,0,0,0,1,1,0,0,0,0,0
2962,350,400,1279,256,1,0,1,0,0,1,0,0,0,1,0,0,0
2395,500,450,0,6827,0,1,0,0,1,0,0,1,0,0,0,0,0
5369,350,400,157,32,1,0,1,0,0,0,1,0,0,1,0,0,0
1710,700,500,1466,70,1,0,0,1,0,0,1,0,0,0,1,0,0
9236,350,400,0,1992,0,0,1,0,0,0,1,0,0,1,0,0,0
1255,350,400,0,7658,0,0,1,0,0,0,1,0,0,0,0,1,0
3445,700,500,0,4333,0,0,0,1,0,0,1,0,1,0,0,0,0
5859,350,400,1665,65,1,0,1,0,0,0,1,0,0,0,1,0,0
5450,350,400,0,8712,0,0,1,0,0,0,1,0,0,1,0,0,0
5299,350,400,1861,557,1,0,1,0,0,0,1,0,0,1,0,0,0
1712,350,400,1327,634,1,0,1,0,0,0,1,0,0,1,0,0,0
7920,350,400,764,50,1,0,1,0,0,0,1,0,0,1,0,0,0
5194,500,450,0,3256,0,1,0,0,0,0,1,1,0,0,0,0,0
1578,700,500,842,286,1,0,0,1,0,0,1,0,0,0,1,0,0
4943,350,400,0,5738,0,0,1,0,0,0,1,0,0,1,0,0,0
3975,350,400,1674,324,1,0,1,0,0,0,1,0,0,0,1,0,0
7134,500,450,1347,342,1,1,0,0,0,1,0,1,0,0,0,0,0
5760,350,400,1535,40,1,0,1,0,0,1,0,0,0,1,0,0,0
5276,350,400,0,6615,0,0,1,0,0,0,1,0,0,1,0,0,0
8556,700,500,1265,594,1,0,0,1,0,0,1,1,0,0,0,0,0
1624,350,400,0,7474,0,0,1,0,0,1,0,0,0,1,0,0,0
4707,350,400,1579,167,1,0,1,0,0,0,1,0,0,0,1,0,0
8387,350,400,357,147,1,0,1,0,0,0,1,0,0,0,0,1,0
5507,500,450,1246,398,1,1,0,0,0,0,1,0,0,0,1,0,0
5581,500,450,1461,192,1,1,0,0,1,0,0,1,0,0,0,0,0
7133,350,400,0,5110,0,0,1,0,0,1,0,1,0,0,0,0,0
4041,500,450,0,404,0,1,0,0,0,1,0,0,1,0,0,0,0
4807,350,400,0,1976,0,0,1,0,1,0,0,0,1,0,0,0,0
1774,500,450,1831,484,1,1,0,0,0,0,1,0,0,0,1,0,0
1037,700,500,608,271,1,0,0,1,0,0,1,0,1,0,0,0,0
2899,350,400,0,3166,0,0,1,0,0,1,0,0,0,1,0,0,0
9549,350,400,1800,112,1,0,1,0,0,0,1,0,0,0,0,1,0
2740,350,400,0,2688,0,0,1,0,0,0,1,1,0,0,0,0,0
6690,500,450,718,262,1,1,0,0,0,0,1,0,0,1,0,0,0
