,dth_pack_price,no_of_channels,active_since,viewtime,subscription_status,dth_pack_HD,dth_pack_Standard,dth_pack_UHD,customer_class_Commercial,customer_class_Home,customer_class_Individual,ott_subscription_Amazon Prime Video,ott_subscription_Hulu,ott_subscription_Netflix,ott_subscription_None,ott_subscription_Other,pred_churn
8000,350,400,462,226,1,0,1,0,0,0,1,1,0,0,0,0,0
8001,350,400,1212,192,1,0,1,0,0,0,1,0,0,1,0,0,0
8002,350,400,955,119,1,0,1,0,0,0,1,1,0,0,0,0,0
8003,350,400,0,6714,0,0,1,0,0,0,1,1,0,0,0,0,0
8004,350,400,1295,355,1,0,1,0,0,1,0,0,0,0,0,1,0
8005,350,400,0,8975,0,0,1,0,0,1,0,0,0,0,0,1,0
8006,350,400,290,15,1,0,1,0,1,0,0,1,0,0,0,0,0
8007,350,400,1448,507,1,0,1,0,0,1,0,0,1,0,0,0,0
8008,350,400,1618,329,1,0,1,0,1,0,0,1,0,0,0,0,0
8009,350,400,666,178,1,0,1,0,0,0,1,0,0,0,1,0,0
8010,500,450,0,4879,0,1,0,0,0,0,1,0,0,1,0,0,0
8011,350,400,0,8043,0,0,1,0,0,0,1,0,0,0,0,1,0
8012,350,400,539,255,1,0,1,0,0,0,1,0,1,0,0,0,0
8013,500,450,0,7790,0,1,0,0,0,0,1,0,0,0,0,1,0
8014,500,450,1366,19,1,1,0,0,0,1,0,1,0,0,0,0,0
8015,500,450,1957,11,1,1,0,0,0,1,0,1,0,0,0,0,1
8016,350,400,1007,52,1,0,1,0,0,0,1,0,0,0,1,0,0
8017,350,400,436,65,1,0,1,0,1,0,0,0,0,1,0,0,0
8018,350,400,915,213,1,0,1,0,0,0,1,0,0,0,0,1,0
8019,350,400,1527,409,1,0,1,0,0,0,1,0,0,0,0,1,0
8020,700,500,1948,410,1,0,0,1,0,0,1,0,0,1,0,0,0
8021,350,400,0,4092,0,0,1,0,0,0,1,0,1,0,0,0,0
8022,350,400,910,269,1,0,1,0,0,1,0,0,1,0,0,0,0
8023,350,400,1447,64,1,0,1,0,0,0,1,0,0,0,1,0,0
8024,350,400,915,194,1,0,1,0,0,1,0,0,0,0,1,0,0
8025,500,450,426,24,1,1,0,0,0,0,1,0,1,0,0,0,0
8026,350,400,0,9144,0,0,1,0,0,1,0,0,0,1,0,0,0
8027,350,400,1116,114,1,0,1,0,0,0,1,0,0,1,0,0,0
8028,350,400,726,287,1,0,1,0,0,1,0,0,0,1,0,0,0
8029,350,400,0,862,0,0,1,0,0,0,1,0,0,0,0,1,0
8030,350,400,396,192,1,0,1,0,0,1,0,0,0,0,1,0,0
8031,350,400,1582,530,1,0,1,0,0,0,1,0,0,0,1,0,0
8032,350,400,864,372,1,0,1,0,0,0,1,0,0,0,1,0,0
8033,350,400,0,638,0,0,1,0,0,0,1,0,1,0,0,0,0
8034,350,400,1529,716,1,0,1,0,0,1,0,0,0,1,0,0,0
8035,350,400,1304,248,1,0,1,0,0,0,1,1,0,0,0,0,0
8036,350,400,0,8705,0,0,1,0,0,0,1,0,0,0,0,1,0
8037,500,450,1848,659,1,1,0,0,0,0,1,1,0,0,0,0,0
8038,350,400,488,68,1,0,1,0,0,1,0,1,0,0,0,0,0
8039,350,400,0,4636,0,0,1,0,0,0,1,1,0,0,0,0,0
8040,350,400,389,131,1,0,1,0,0,1,0,0,0,0,1,0,0
8041,500,450,1503,629,1,1,0,0,0,0,1,0,0,0,1,0,0
8042,350,400,845,57,1,0,1,0,0,1,0,0,0,1,0,0,0
8043,350,400,0,8021,0,0,1,0,1,0,0,1,0,0,0,0,0
8044,500,450,714,105,1,1,0,0,0,0,1,0,0,0,0,1,0
8045,350,400,1656,321,1,0,1,0,0,0,1,0,0,1,0,0,0
8046,350,400,0,5861,0,0,1,0,0,0,1,0,0,0,1,0,0
8047,350,400,0,7379,0,0,1,0,0,0,1,0,0,1,0,0,0
8048,350,400,0,4535,0,0,1,0,0,1,0,0,0,0,1,0,0
8049,350,400,1892,239,1,0,1,0,1,0,0,0,0,1,0,0,0
8050,350,400,197,50,1,0,1,0,0,0,1,0,0,0,1,0,0
8051,350,400,1241,229,1,0,1,0,0,1,0,0,0,0,1,0,0
8052,500,450,1765,99,1,1,0,0,0,0,1,0,0,0,0,1,0
8053,500,450,0,840,0,1,0,0,0,0,1,0,0,0,0,1,0
8054,350,400,31,7,1,0,1,0,0,0,1,0,0,1,0,0,0
8055,350,400,0,4715,0,0,1,0,1,0,0,0,0,0,1,0,0
8056,350,400,0,1630,0,0,1,0,0,0,1,0,0,0,0,1,0
8057,700,500,0,3760,0,0,0,1,1,0,0,1,0,0,0,0,0
8058,350,400,954,88,1,0,1,0,0,0,1,0,0,0,1,0,0
8059,350,400,1611,335,1,0,1,0,0,0,1,0,0,0,0,1,0
8060,350,400,365,130,1,0,1,0,0,0,1,0,0,0,1,0,0
8061,350,400,1942,383,1,0,1,0,0,0,1,1,0,0,0,0,0
8062,350,400,1125,20,1,0,1,0,0,0,1,0,0,0,1,0,0
8063,350,400,1617,337,1,0,1,0,0,0,1,0,0,1,0,0,0
8064,500,450,1288,414,1,1,0,0,0,0,1,0,0,0,0,1,0
8065,350,400,270,84,1,0,1,0,0,1,0,0,1,0,0,0,0
8066,350,400,951,429,1,0,1,0,0,0,1,1,0,0,0,0,0
8067,500,450,1188,512,1,1,0,0,1,0,0,0,1,0,0,0,0
8068,350,400,1459,572,1,0,1,0,0,0,1,0,0,0,0,1,0
8069,350,400,369,174,1,0,1,0,0,0,1,0,0,1,0,0,0
8070,500,450,0,5593,0,1,0,0,0,0,1,1,0,0,0,0,0
8071,350,400,0,3826,0,0,1,0,0,1,0,0,0,1,0,0,0
8072,350,400,192,7,1,0,1,0,0,0,1,0,0,1,0,0,0
8073,500,450,0,4713,0,1,0,0,0,0,1,1,0,0,0,0,0
8074,350,400,133,2,1,0,1,0,0,0,1,0,0,0,0,1,0
8075,700,500,1463,255,1,0,0,1,0,0,1,0,0,1,0,0,0
8076,500,450,694,87,1,1,0,0,1,0,0,0,0,1,0,0,0
8077,350,400,1198,195,1,0,1,0,0,1,0,1,0,0,0,0,0
8078,500,450,0,8475,0,1,0,0,0,1,0,0,1,0,0,0,0
8079,350,400,1149,87,1,0,1,0,0,1,0,1,0,0,0,0,0
8080,350,400,423,182,1,0,1,0,0,0,1,0,0,0,0,1,0
8081,350,400,0,3414,0,0,1,0,0,0,1,1,0,0,0,0,0
8082,350,400,594,161,1,0,1,0,0,0,1,0,0,0,0,1,0
8083,350,400,0,3118,0,0,1,0,0,0,1,1,0,0,0,0,0
8084,350,400,1687,154,1,0,1,0,0,0,1,0,0,0,1,0,0
8085,350,400,839,173,1,0,1,0,0,0,1,0,0,0,0,1,0
8086,350,400,1853,636,1,0,1,0,0,0,1,0,0,0,1,0,0
8087,500,450,0,9848,0,1,0,0,0,1,0,0,0,0,1,0,0
8088,350,400,1167,93,1,0,1,0,0,0,1,0,0,1,0,0,0
8089,350,400,1185,452,1,0,1,0,0,1,0,0,0,0,1,0,0
8090,350,400,203,10,1,0,1,0,0,1,0,1,0,0,0,0,0
8091,350,400,817,285,1,0,1,0,1,0,0,1,0,0,0,0,0
8092,350,400,0,5985,0,0,1,0,0,1,0,1,0,0,0,0,0
8093,350,400,514,79,1,0,1,0,1,0,0,0,0,1,0,0,0
8094,350,400,0,1703,0,0,1,0,0,1,0,0,0,0,0,1,0
8095,500,450,965,190,1,1,0,0,0,0,1,1,0,0,0,0,0
8096,350,400,1706,834,1,0,1,0,0,0,1,0,1,0,0,0,0
8097,350,400,1054,416,1,0,1,0,0,0,1,1,0,0,0,0,0
8098,350,400,1067,155,1,0,1,0,0,0,1,0,0,1,0,0,0
8099,350,400,598,177,1,0,1,0,1,0,0,0,0,0,1,0,0
8100,350,400,300,110,1,0,1,0,0,0,1,0,0,1,0,0,0
8101,350,400,0,8471,0,0,1,0,0,0,1,0,0,1,0,0,0
8102,350,400,1851,319,1,0,1,0,0,0,1,0,0,1,0,0,0
8103,350,400,191,74,1,0,1,0,0,0,1,0,0,0,0,1,0
8104,350,400,933,189,1,0,1,0,1,0,0,1,0,0,0,0,0
8105,700,500,1938,867,1,0,0,1,0,0,1,0,1,0,0,0,0
8106,350,400,1340,627,1,0,1,0,0,0,1,0,1,0,0,0,0
8107,350,400,0,8435,0,0,1,0,0,0,1,0,0,0,1,0,0
8108,350,400,440,135,1,0,1,0,0,1,0,0,0,0,1,0,0
8109,500,450,1784,344,1,1,0,0,0,1,0,0,0,0,0,1,0
8110,700,500,1488,460,1,0,0,1,0,0,1,0,0,0,0,1,0
8111,350,400,1306,512,1,0,1,0,1,0,0,0,0,0,0,1,0
8112,700,500,0,1308,0,0,0,1,0,0,1,0,0,0,1,0,0
8113,350,400,258,8,1,0,1,0,0,1,0,1,0,0,0,0,0
8114,700,500,198,9,1,0,0,1,0,0,1,0,0,0,0,1,0
8115,350,400,1013,184,1,0,1,0,0,0,1,0,0,1,0,0,0
8116,500,450,0,2260,0,1,0,0,0,0,1,0,0,1,0,0,0
8117,350,400,0,2751,0,0,1,0,0,1,0,0,0,1,0,0,0
8118,350,400,296,49,1,0,1,0,0,1,0,1,0,0,0,0,0
8119,500,450,1455,46,1,1,0,0,1,0,0,0,0,1,0,0,0
8120,700,500,1524,494,1,0,0,1,0,1,0,0,0,1,0,0,0
8121,350,400,0,3611,0,0,1,0,0,1,0,0,0,1,0,0,0
8122,350,400,0,8952,0,0,1,0,0,1,0,1,0,0,0,0,0
8123,700,500,0,2287,0,0,0,1,0,0,1,0,0,0,0,1,0
8124,350,400,41,4,1,0,1,0,0,1,0,0,0,0,1,0,0
8125,350,400,0,7648,0,0,1,0,0,1,0,0,0,0,0,1,0
8126,500,450,1360,550,1,1,0,0,0,1,0,0,0,1,0,0,0
8127,350,400,823,135,1,0,1,0,1,0,0,0,0,0,1,0,0
8128,350,400,1450,16,1,0,1,0,0,1,0,0,0,0,1,0,0
8129,350,400,1128,372,1,0,1,0,0,0,1,0,0,0,0,1,0
8130,700,500,835,94,1,0,0,1,0,1,0,1,0,0,0,0,0
8131,350,400,0,5982,0,0,1,0,0,0,1,0,0,0,0,1,0
8132,500,450,0,5138,0,1,0,0,0,0,1,0,0,1,0,0,0
8133,350,400,590,135,1,0,1,0,0,1,0,0,0,0,1,0,0
8134,500,450,390,77,1,1,0,0,0,0,1,0,1,0,0,0,0
8135,350,400,918,366,1,0,1,0,1,0,0,0,1,0,0,0,1
8136,350,400,978,195,1,0,1,0,0,0,1,0,0,0,1,0,0
8137,350,400,886,11,1,0,1,0,0,0,1,1,0,0,0,0,0
8138,350,400,0,4994,0,0,1,0,0,0,1,0,0,1,0,0,0
8139,350,400,853,388,1,0,1,0,1,0,0,0,0,0,0,1,0
8140,350,400,0,2774,0,0,1,0,0,1,0,0,0,0,1,0,0
8141,350,400,0,2467,0,0,1,0,0,1,0,0,1,0,0,0,0
8142,700,500,228,21,1,0,0,1,0,0,1,0,0,0,1,0,0
8143,500,450,871,348,1,1,0,0,0,0,1,0,0,0,0,1,0
8144,350,400,841,148,1,0,1,0,0,1,0,0,0,0,1,0,0
8145,350,400,299,42,1,0,1,0,0,0,1,1,0,0,0,0,0
8146,350,400,793,299,1,0,1,0,0,1,0,0,1,0,0,0,0
8147,350,400,404,142,1,0,1,0,0,0,1,0,0,1,0,0,0
8148,350,400,0,1083,0,0,1,0,0,1,0,0,1,0,0,0,0
8149,350,400,732,329,1,0,1,0,0,1,0,0,0,0,1,0,0
8150,350,400,89,36,1,0,1,0,0,0,1,0,0,1,0,0,0
8151,350,400,1387,243,1,0,1,0,0,0,1,0,1,0,0,0,0
8152,350,400,1510,173,1,0,1,0,0,0,1,0,0,1,0,0,0
8153,350,400,778,153,1,0,1,0,0,0,1,0,0,0,1,0,0
8154,500,450,1802,883,1,1,0,0,0,0,1,0,0,1,0,0,0
8155,350,400,0,2250,0,0,1,0,0,0,1,0,0,0,0,1,0
8156,350,400,1975,928,1,0,1,0,1,0,0,0,0,0,1,0,1
8157,350,400,1768,385,1,0,1,0,0,1,0,1,0,0,0,0,0
8158,350,400,0,1925,0,0,1,0,0,1,0,0,0,0,1,0,0
8159,700,500,1207,383,1,0,0,1,0,0,1,0,0,0,1,0,0
8160,350,400,1242,594,1,0,1,0,0,0,1,0,0,0,1,0,0
8161,350,400,0,5597,0,0,1,0,0,1,0,1,0,0,0,0,0
8162,350,400,1522,139,1,0,1,0,0,1,0,0,0,0,1,0,0
8163,350,400,0,3462,0,0,1,0,1,0,0,0,0,0,1,0,0
8164,500,450,0,6678,0,1,0,0,0,0,1,0,1,0,0,0,0
8165,350,400,1093,35,1,0,1,0,0,0,1,0,0,1,0,0,0
8166,350,400,16,4,1,0,1,0,0,0,1,0,0,1,0,0,0
8167,350,400,838,172,1,0,1,0,0,1,0,0,0,0,1,0,0
8168,500,450,0,4129,0,1,0,0,0,0,1,0,1,0,0,0,0
8169,350,400,603,108,1,0,1,0,0,1,0,0,0,0,1,0,0
8170,350,400,1033,236,1,0,1,0,0,0,1,1,0,0,0,0,0
8171,500,450,1787,295,1,1,0,0,0,0,1,0,0,1,0,0,0
8172,350,400,0,2577,0,0,1,0,0,1,0,0,0,0,1,0,0
8173,500,450,217,56,1,1,0,0,0,0,1,0,0,0,1,0,0
8174,350,400,313,117,1,0,1,0,0,0,1,1,0,0,0,0,0
8175,350,400,1469,433,1,0,1,0,1,0,0,0,0,1,0,0,0
8176,350,400,0,8138,0,0,1,0,0,1,0,0,0,0,1,0,0
8177,700,500,747,109,1,0,0,1,0,0,1,0,0,1,0,0,0
8178,350,400,380,52,1,0,1,0,0,0,1,0,0,0,1,0,0
8179,350,400,1245,155,1,0,1,0,0,0,1,0,0,0,0,1,0
8180,350,400,1904,267,1,0,1,0,0,0,1,0,0,1,0,0,0
8181,500,450,1191,320,1,1,0,0,1,0,0,0,1,0,0,0,0
8182,350,400,311,120,1,0,1,0,0,0,1,0,0,0,1,0,0
8183,350,400,1718,59,1,0,1,0,0,1,0,1,0,0,0,0,0
8184,350,400,90,35,1,0,1,0,0,0,1,0,0,1,0,0,0
8185,350,400,1092,442,1,0,1,0,0,1,0,0,0,0,0,1,0
8186,350,400,607,95,1,0,1,0,0,0,1,1,0,0,0,0,0
8187,350,400,0,6892,0,0,1,0,0,1,0,0,0,1,0,0,0
8188,350,400,1919,197,1,0,1,0,0,0,1,0,0,1,0,0,0
8189,350,400,450,101,1,0,1,0,0,1,0,0,0,0,1,0,0
8190,700,500,1559,764,1,0,0,1,0,1,0,0,0,0,0,1,0
8191,700,500,0,2892,0,0,0,1,0,0,1,0,0,1,0,0,0
8192,350,400,268,83,1,0,1,0,0,0,1,0,0,1,0,0,0
8193,350,400,0,3314,0,0,1,0,0,0,1,0,0,0,0,1,0
8194,350,400,394,14,1,0,1,0,1,0,0,0,0,0,1,0,0
8195,700,500,0,3186,0,0,0,1,0,0,1,1,0,0,0,0,0
8196,500,450,384,190,1,1,0,0,0,0,1,0,0,0,0,1,0
8197,350,400,1949,820,1,0,1,0,1,0,0,0,0,1,0,0,0
8198,500,450,1161,211,1,1,0,0,1,0,0,0,0,0,0,1,0
8199,350,400,0,300,0,0,1,0,0,0,1,0,0,0,0,1,0
8200,350,400,1039,476,1,0,1,0,0,0,1,0,0,0,1,0,0
8201,350,400,1406,698,1,0,1,0,1,0,0,0,0,0,0,1,0
8202,350,400,1873,425,1,0,1,0,0,0,1,0,0,1,0,0,0
8203,350,400,593,251,1,0,1,0,0,0,1,0,0,0,1,0,0
8204,350,400,1859,508,1,0,1,0,0,0,1,1,0,0,0,0,0
8205,500,450,1685,290,1,1,0,0,0,0,1,1,0,0,0,0,0
8206,350,400,60,24,1,0,1,0,1,0,0,0,1,0,0,0,0
8207,700,500,0,3526,0,0,0,1,0,0,1,0,0,0,0,1,0
8208,350,400,558,268,1,0,1,0,0,1,0,1,0,0,0,0,0
8209,350,400,488,158,1,0,1,0,0,0,1,0,0,1,0,0,0
8210,350,400,0,3030,0,0,1,0,0,0,1,0,0,1,0,0,0
8211,350,400,1921,529,1,0,1,0,0,0,1,0,0,0,0,1,0
8212,350,400,1159,325,1,0,1,0,0,1,0,0,0,0,1,0,0
8213,350,400,825,360,1,0,1,0,0,0,1,1,0,0,0,0,0
8214,350,400,625,114,1,0,1,0,0,0,1,0,0,1,0,0,0
8215,350,400,610,276,1,0,1,0,0,1,0,0,1,0,0,0,0
8216,500,450,0,4907,0,1,0,0,0,0,1,0,0,0,1,0,0
8217,350,400,836,233,1,0,1,0,0,1,0,1,0,0,0,0,0
8218,350,400,1532,266,1,0,1,0,1,0,0,0,0,1,0,0,0
8219,350,400,979,9,1,0,1,0,0,0,1,0,0,1,0,0,0
8220,350,400,1614,57,1,0,1,0,0,0,1,1,0,0,0,0,0
8221,350,400,651,177,1,0,1,0,0,0,1,0,0,1,0,0,0
8222,350,400,0,7257,0,0,1,0,0,0,1,1,0,0,0,0,0
8223,350,400,51,2,1,0,1,0,1,0,0,0,0,0,1,0,0
8224,350,400,1167,82,1,0,1,0,0,0,1,0,0,0,1,0,0
8225,350,400,1184,253,1,0,1,0,0,0,1,0,0,1,0,0,0
8226,500,450,0,9407,0,1,0,0,0,0,1,0,0,0,1,0,0
8227,350,400,214,84,1,0,1,0,0,0,1,0,0,0,1,0,0
8228,350,400,0,2936,0,0,1,0,0,0,1,1,0,0,0,0,0
8229,350,400,1765,353,1,0,1,0,1,0,0,0,0,0,1,0,0
8230,350,400,206,72,1,0,1,0,0,0,1,0,1,0,0,0,0
8231,350,400,1866,41,1,0,1,0,0,0,1,0,0,1,0,0,0
8232,350,400,0,1390,0,0,1,0,0,0,1,0,0,0,1,0,0
8233,700,500,1992,671,1,0,0,1,0,0,1,0,0,0,0,1,0
8234,350,400,1691,709,1,0,1,0,1,0,0,1,0,0,0,0,0
8235,350,400,568,213,1,0,1,0,0,1,0,0,0,0,1,0,0
8236,350,400,0,895,0,0,1,0,0,0,1,0,0,1,0,0,0
8237,350,400,1557,202,1,0,1,0,0,1,0,0,0,1,0,0,0
8238,500,450,1557,225,1,1,0,0,0,1,0,0,0,0,0,1,0
8239,500,450,957,364,1,1,0,0,1,0,0,1,0,0,0,0,1
8240,350,400,1048,491,1,0,1,0,0,1,0,0,0,1,0,0,0
8241,350,400,1534,66,1,0,1,0,0,0,1,0,0,1,0,0,0
8242,350,400,1451,237,1,0,1,0,0,1,0,0,0,1,0,0,0
8243,700,500,0,4452,0,0,0,1,0,0,1,0,1,0,0,0,0
8244,350,400,1975,973,1,0,1,0,0,1,0,0,0,0,0,1,0
8245,500,450,0,8344,0,1,0,0,0,0,1,0,0,1,0,0,0
8246,350,400,0,8620,0,0,1,0,0,0,1,0,0,1,0,0,0
8247,350,400,710,116,1,0,1,0,0,1,0,0,0,1,0,0,0
8248,350,400,500,22,1,0,1,0,0,0,1,0,0,0,1,0,0
8249,350,400,0,6246,0,0,1,0,0,0,1,0,1,0,0,0,0
8250,350,400,888,285,1,0,1,0,0,0,1,0,0,1,0,0,0
8251,500,450,452,24,1,1,0,0,0,0,1,0,1,0,0,0,0
8252,700,500,1047,410,1,0,0,1,0,1,0,0,1,0,0,0,0
8253,700,500,0,3716,0,0,0,1,0,0,1,0,1,0,0,0,0
8254,350,400,1972,137,1,0,1,0,0,0,1,0,0,0,1,0,0
8255,700,500,0,6289,0,0,0,1,0,0,1,0,1,0,0,0,0
8256,350,400,946,326,1,0,1,0,0,1,0,1,0,0,0,0,0
8257,500,450,1271,471,1,1,0,0,0,0,1,0,0,1,0,0,0
8258,700,500,1390,235,1,0,0,1,0,1,0,1,0,0,0,0,0
8259,700,500,426,92,1,0,0,1,0,1,0,0,0,0,1,0,0
8260,350,400,729,124,1,0,1,0,0,0,1,0,0,1,0,0,0
8261,350,400,1176,114,1,0,1,0,0,1,0,0,0,0,0,1,0
8262,350,400,1350,133,1,0,1,0,0,1,0,0,0,1,0,0,0
8263,350,400,1445,55,1,0,1,0,0,0,1,0,0,0,1,0,0
8264,350,400,831,410,1,0,1,0,0,0,1,0,0,1,0,0,0
8265,350,400,82,18,1,0,1,0,0,0,1,1,0,0,0,0,0
8266,350,400,697,98,1,0,1,0,0,0,1,0,0,0,0,1,0
8267,500,450,1445,705,1,1,0,0,1,0,0,0,0,1,0,0,0
8268,350,400,1830,5,1,0,1,0,0,0,1,0,1,0,0,0,1
8269,350,400,1437,646,1,0,1,0,0,0,1,0,0,1,0,0,0
8270,500,450,1608,707,1,1,0,0,0,1,0,0,0,1,0,0,0
8271,500,450,431,97,1,1,0,0,0,0,1,0,0,1,0,0,0
8272,350,400,1482,408,1,0,1,0,0,0,1,0,0,1,0,0,0
8273,350,400,1704,50,1,0,1,0,0,1,0,0,0,1,0,0,0
8274,700,500,438,218,1,0,0,1,0,1,0,0,0,0,0,1,0
8275,350,400,805,269,1,0,1,0,0,0,1,0,1,0,0,0,0
8276,500,450,329,35,1,1,0,0,1,0,0,0,0,1,0,0,0
8277,350,400,300,138,1,0,1,0,0,0,1,0,0,0,1,0,0
8278,350,400,1334,530,1,0,1,0,0,1,0,1,0,0,0,0,0
8279,350,400,272,130,1,0,1,0,0,1,0,0,0,0,0,1,0
8280,350,400,0,3955,0,0,1,0,0,0,1,0,0,1,0,0,0
8281,350,400,174,49,1,0,1,0,0,0,1,1,0,0,0,0,0
8282,350,400,608,270,1,0,1,0,0,0,1,0,0,0,1,0,0
8283,500,450,745,366,1,1,0,0,0,1,0,0,0,1,0,0,0
8284,350,400,0,6863,0,0,1,0,0,1,0,0,0,1,0,0,0
8285,350,400,0,8880,0,0,1,0,0,0,1,0,0,1,0,0,0
8286,500,450,872,285,1,1,0,0,0,1,0,0,0,1,0,0,0
8287,350,400,0,549,0,0,1,0,1,0,0,0,0,1,0,0,0
8288,350,400,0,6361,0,0,1,0,0,0,1,0,0,0,0,1,0
8289,700,500,0,3281,0,0,0,1,0,0,1,0,0,1,0,0,0
8290,700,500,0,5638,0,0,0,1,0,0,1,0,0,0,0,1,0
8291,350,400,826,390,1,0,1,0,0,1,0,1,0,0,0,0,0
8292,350,400,60,24,1,0,1,0,0,1,0,0,0,1,0,0,0
8293,350,400,1187,221,1,0,1,0,0,0,1,0,0,1,0,0,0
8294,350,400,0,4620,0,0,1,0,0,0,1,0,0,0,1,0,0
8295,350,400,126,21,1,0,1,0,0,1,0,1,0,0,0,0,0
8296,500,450,937,291,1,1,0,0,0,0,1,0,0,0,1,0,0
8297,350,400,1282,349,1,0,1,0,0,0,1,0,0,1,0,0,0
8298,350,400,1770,735,1,0,1,0,0,0,1,0,0,0,0,1,0
8299,350,400,1659,591,1,0,1,0,0,0,1,0,0,0,1,0,0
8300,350,400,986,401,1,0,1,0,0,1,0,0,0,0,1,0,0
8301,350,400,853,260,1,0,1,0,0,0,1,0,0,0,0,1,0
8302,700,500,1916,50,1,0,0,1,0,1,0,0,0,0,1,0,0
8303,350,400,0,2521,0,0,1,0,0,0,1,1,0,0,0,0,0
8304,350,400,0,653,0,0,1,0,0,1,0,0,0,0,0,1,0
8305,700,500,1627,22,1,0,0,1,0,0,1,0,0,1,0,0,0
8306,500,450,1354,345,1,1,0,0,0,0,1,0,0,0,0,1,0
8307,500,450,1832,166,1,1,0,0,0,0,1,0,1,0,0,0,0
8308,700,500,1717,218,1,0,0,1,0,0,1,0,0,1,0,0,0
8309,350,400,711,233,1,0,1,0,0,0,1,0,0,1,0,0,0
8310,350,400,1529,531,1,0,1,0,0,0,1,0,0,1,0,0,0
8311,500,450,369,43,1,1,0,0,0,0,1,0,0,1,0,0,0
8312,350,400,963,275,1,0,1,0,0,1,0,0,0,1,0,0,0
8313,700,500,0,2896,0,0,0,1,0,0,1,0,0,0,1,0,0
8314,350,400,0,7652,0,0,1,0,0,0,1,0,0,0,1,0,0
8315,350,400,1237,297,1,0,1,0,0,0,1,0,0,0,1,0,0
8316,500,450,631,131,1,1,0,0,0,1,0,0,0,1,0,0,0
8317,350,400,601,95,1,0,1,0,0,1,0,1,0,0,0,0,0
8318,350,400,0,2073,0,0,1,0,0,1,0,0,1,0,0,0,0
8319,350,400,1468,621,1,0,1,0,0,0,1,0,0,1,0,0,0
8320,350,400,0,2726,0,0,1,0,0,1,0,0,1,0,0,0,0
8321,700,500,149,47,1,0,0,1,0,1,0,0,0,1,0,0,0
8322,350,400,1090,540,1,0,1,0,0,0,1,0,0,1,0,0,0
8323,350,400,1589,357,1,0,1,0,0,1,0,0,0,1,0,0,0
8324,350,400,630,2,1,0,1,0,0,1,0,0,0,0,0,1,0
8325,700,500,1471,496,1,0,0,1,0,0,1,1,0,0,0,0,0
8326,700,500,1786,677,1,0,0,1,0,1,0,0,0,1,0,0,0
8327,350,400,1812,158,1,0,1,0,0,0,1,0,0,1,0,0,0
8328,350,400,626,22,1,0,1,0,1,0,0,0,0,1,0,0,0
8329,700,500,0,661,0,0,0,1,1,0,0,1,0,0,0,0,0
8330,500,450,0,9526,0,1,0,0,0,0,1,0,0,0,1,0,0
8331,350,400,206,59,1,0,1,0,0,1,0,1,0,0,0,0,0
8332,350,400,13,4,1,0,1,0,1,0,0,0,0,0,1,0,0
8333,350,400,844,244,1,0,1,0,1,0,0,0,0,0,0,1,0
8334,500,450,0,5151,0,1,0,0,0,1,0,0,0,0,0,1,0
8335,350,400,1254,308,1,0,1,0,0,0,1,0,0,1,0,0,0
8336,350,400,0,3249,0,0,1,0,0,0,1,0,0,0,1,0,0
8337,350,400,361,42,1,0,1,0,0,0,1,0,0,1,0,0,0
8338,350,400,1897,141,1,0,1,0,0,1,0,0,0,1,0,0,0
8339,350,400,1564,134,1,0,1,0,0,0,1,0,0,0,0,1,0
8340,350,400,1968,280,1,0,1,0,0,0,1,1,0,0,0,0,0
8341,700,500,0,373,0,0,0,1,0,0,1,1,0,0,0,0,0
8342,350,400,11,4,1,0,1,0,0,0,1,0,1,0,0,0,0
8343,350,400,0,2286,0,0,1,0,0,0,1,0,0,1,0,0,0
8344,350,400,1335,263,1,0,1,0,0,0,1,1,0,0,0,0,0
8345,350,400,0,4797,0,0,1,0,0,0,1,1,0,0,0,0,0
8346,350,400,1974,256,1,0,1,0,0,0,1,0,0,0,0,1,0
8347,350,400,0,6425,0,0,1,0,0,0,1,0,0,1,0,0,0
8348,350,400,918,259,1,0,1,0,0,0,1,0,0,0,0,1,0
8349,350,400,1531,240,1,0,1,0,1,0,0,0,0,1,0,0,0
8350,350,400,1403,191,1,0,1,0,0,1,0,1,0,0,0,0,0
8351,350,400,679,98,1,0,1,0,1,0,0,0,0,0,1,0,0
8352,350,400,1300,497,1,0,1,0,1,0,0,0,0,0,1,0,0
8353,350,400,620,299,1,0,1,0,0,0,1,1,0,0,0,0,0
8354,350,400,0,1618,0,0,1,0,0,1,0,0,0,1,0,0,0
8355,350,400,0,5008,0,0,1,0,0,0,1,0,0,1,0,0,0
8356,350,400,646,204,1,0,1,0,0,0,1,0,1,0,0,0,0
8357,350,400,789,179,1,0,1,0,0,1,0,1,0,0,0,0,0
8358,350,400,468,205,1,0,1,0,0,0,1,0,0,0,1,0,0
8359,350,400,1913,807,1,0,1,0,1,0,0,0,0,1,0,0,0
8360,350,400,1266,466,1,0,1,0,0,0,1,0,0,0,1,0,0
8361,350,400,1708,600,1,0,1,0,0,1,0,0,1,0,0,0,0
8362,500,450,1512,85,1,1,0,0,0,0,1,1,0,0,0,0,0
8363,350,400,0,7670,0,0,1,0,1,0,0,1,0,0,0,0,0
8364,350,400,0,6920,0,0,1,0,0,0,1,0,0,1,0,0,0
8365,500,450,0,1358,0,1,0,0,0,0,1,1,0,0,0,0,0
8366,700,500,451,69,1,0,0,1,0,0,1,0,0,0,0,1,0
8367,350,400,513,246,1,0,1,0,0,1,0,0,0,0,0,1,0
8368,350,400,171,8,1,0,1,0,0,0,1,0,1,0,0,0,0
8369,700,500,1693,812,1,0,0,1,0,1,0,0,0,0,1,0,0
8370,500,450,1465,198,1,1,0,0,0,0,1,0,0,0,1,0,0
8371,700,500,1244,46,1,0,0,1,0,1,0,0,0,0,0,1,0
8372,350,400,640,109,1,0,1,0,0,0,1,0,1,0,0,0,0
8373,350,400,1665,45,1,0,1,0,0,0,1,0,0,0,1,0,0
8374,350,400,0,1510,0,0,1,0,0,0,1,0,0,0,1,0,0
8375,350,400,0,987,0,0,1,0,0,0,1,0,0,0,0,1,0
8376,350,400,343,145,1,0,1,0,1,0,0,0,0,0,0,1,0
8377,500,450,0,9535,0,1,0,0,0,0,1,0,0,0,0,1,0
8378,350,400,866,390,1,0,1,0,0,1,0,0,0,1,0,0,0
8379,500,450,1730,236,1,1,0,0,0,1,0,0,1,0,0,0,0
8380,350,400,57,9,1,0,1,0,0,0,1,0,0,1,0,0,0
8381,350,400,1050,193,1,0,1,0,0,1,0,1,0,0,0,0,0
8382,350,400,583,59,1,0,1,0,0,0,1,0,0,0,1,0,0
8383,350,400,555,62,1,0,1,0,1,0,0,0,0,0,0,1,0
8384,350,400,744,272,1,0,1,0,0,1,0,0,0,1,0,0,0
8385,700,500,981,171,1,0,0,1,0,1,0,0,0,1,0,0,0
8386,700,500,1247,433,1,0,0,1,0,0,1,0,0,1,0,0,0
8387,350,400,357,147,1,0,1,0,0,0,1,0,0,0,0,1,0
8388,350,400,0,2017,0,0,1,0,0,1,0,0,0,0,1,0,0
8389,350,400,1749,700,1,0,1,0,0,0,1,0,0,0,1,0,0
8390,700,500,1654,490,1,0,0,1,0,0,1,0,0,1,0,0,0
8391,350,400,253,100,1,0,1,0,0,0,1,0,0,0,1,0,0
8392,350,400,1144,39,1,0,1,0,0,1,0,0,0,0,0,1,0
8393,350,400,1049,467,1,0,1,0,0,0,1,0,0,1,0,0,0
8394,700,500,0,916,0,0,0,1,0,0,1,1,0,0,0,0,0
8395,500,450,1581,589,1,1,0,0,0,0,1,0,1,0,0,0,0
8396,350,400,774,304,1,0,1,0,0,0,1,0,0,1,0,0,0
8397,350,400,1398,493,1,0,1,0,0,0,1,0,1,0,0,0,0
8398,350,400,1719,65,1,0,1,0,0,0,1,0,0,1,0,0,0
8399,350,400,263,129,1,0,1,0,1,0,0,0,0,1,0,0,0
8400,350,400,378,128,1,0,1,0,1,0,0,0,1,0,0,0,0
8401,500,450,0,2871,0,1,0,0,0,0,1,0,0,0,1,0,0
8402,350,400,1636,24,1,0,1,0,0,0,1,0,0,0,1,0,0
8403,350,400,700,189,1,0,1,0,0,0,1,1,0,0,0,0,0
8404,350,400,1610,281,1,0,1,0,0,0,1,1,0,0,0,0,0
8405,500,450,1276,265,1,1,0,0,0,0,1,0,0,1,0,0,0
8406,350,400,1172,565,1,0,1,0,0,1,0,0,1,0,0,0,0
8407,350,400,958,167,1,0,1,0,0,0,1,1,0,0,0,0,0
8408,350,400,1216,304,1,0,1,0,0,0,1,0,0,0,1,0,0
8409,500,450,188,41,1,1,0,0,0,0,1,1,0,0,0,0,0
8410,500,450,0,1223,0,1,0,0,0,0,1,0,0,0,0,1,0
8411,500,450,0,9811,0,1,0,0,0,0,1,1,0,0,0,0,0
8412,350,400,1347,241,1,0,1,0,0,0,1,0,1,0,0,0,0
8413,350,400,559,3,1,0,1,0,0,1,0,0,0,0,1,0,0
8414,350,400,1307,195,1,0,1,0,0,1,0,0,0,1,0,0,0
8415,350,400,875,77,1,0,1,0,0,0,1,1,0,0,0,0,0
8416,350,400,0,4213,0,0,1,0,0,0,1,0,0,1,0,0,0
8417,350,400,0,5114,0,0,1,0,0,0,1,0,0,1,0,0,0
8418,350,400,1426,200,1,0,1,0,0,0,1,0,0,0,1,0,0
8419,350,400,1850,121,1,0,1,0,0,0,1,0,0,0,1,0,0
8420,350,400,647,59,1,0,1,0,0,0,1,1,0,0,0,0,0
8421,350,400,1391,284,1,0,1,0,1,0,0,0,0,0,1,0,0
8422,500,450,0,3909,0,1,0,0,1,0,0,0,0,1,0,0,0
8423,350,400,0,3739,0,0,1,0,0,0,1,1,0,0,0,0,0
8424,350,400,0,8017,0,0,1,0,0,0,1,0,1,0,0,0,0
8425,350,400,0,9222,0,0,1,0,0,0,1,0,0,0,1,0,0
8426,350,400,122,25,1,0,1,0,0,1,0,1,0,0,0,0,0
8427,350,400,1880,182,1,0,1,0,0,1,0,0,1,0,0,0,0
8428,350,400,1623,205,1,0,1,0,0,0,1,1,0,0,0,0,0
8429,500,450,35,16,1,1,0,0,0,0,1,0,1,0,0,0,0
8430,500,450,438,38,1,1,0,0,0,0,1,0,0,0,1,0,0
8431,500,450,0,1272,0,1,0,0,0,1,0,0,0,0,1,0,0
8432,350,400,1798,805,1,0,1,0,0,0,1,1,0,0,0,0,0
8433,350,400,424,66,1,0,1,0,0,1,0,0,0,0,1,0,0
8434,500,450,160,39,1,1,0,0,0,0,1,0,0,0,0,1,0
8435,350,400,1913,741,1,0,1,0,0,0,1,0,0,0,0,1,0
8436,350,400,0,8331,0,0,1,0,0,0,1,0,1,0,0,0,0
8437,500,450,1506,310,1,1,0,0,0,0,1,0,0,0,1,0,0
8438,500,450,1676,302,1,1,0,0,0,1,0,0,0,0,0,1,0
8439,350,400,1151,452,1,0,1,0,0,1,0,0,0,1,0,0,0
8440,350,400,0,490,0,0,1,0,0,0,1,0,0,1,0,0,0
8441,500,450,186,92,1,1,0,0,0,0,1,0,0,1,0,0,0
8442,500,450,1872,79,1,1,0,0,0,0,1,0,0,0,1,0,0
8443,350,400,0,1430,0,0,1,0,0,0,1,0,0,0,1,0,0
8444,700,500,604,141,1,0,0,1,1,0,0,1,0,0,0,0,0
8445,350,400,1515,600,1,0,1,0,0,1,0,0,0,0,1,0,0
8446,350,400,0,6348,0,0,1,0,0,0,1,0,0,1,0,0,0
8447,700,500,0,8871,0,0,0,1,0,0,1,0,0,1,0,0,0
8448,350,400,1860,239,1,0,1,0,0,1,0,0,0,0,1,0,0
8449,350,400,908,297,1,0,1,0,0,0,1,0,0,0,1,0,0
8450,350,400,573,43,1,0,1,0,0,0,1,1,0,0,0,0,0
8451,500,450,0,404,0,1,0,0,0,0,1,0,0,0,1,0,0
8452,350,400,1356,354,1,0,1,0,0,0,1,0,0,0,0,1,0
8453,350,400,731,332,1,0,1,0,0,0,1,0,0,1,0,0,0
8454,350,400,288,28,1,0,1,0,1,0,0,0,0,0,1,0,0
8455,350,400,32,11,1,0,1,0,1,0,0,0,0,0,1,0,0
8456,350,400,0,8057,0,0,1,0,0,0,1,0,0,1,0,0,0
8457,350,400,1465,481,1,0,1,0,0,1,0,0,0,1,0,0,0
8458,350,400,0,7750,0,0,1,0,0,0,1,0,1,0,0,0,0
8459,350,400,1853,656,1,0,1,0,0,0,1,0,0,0,1,0,0
8460,350,400,0,6869,0,0,1,0,0,0,1,1,0,0,0,0,0
8461,500,450,1690,250,1,1,0,0,0,0,1,0,0,1,0,0,0
8462,350,400,1708,80,1,0,1,0,0,1,0,0,0,1,0,0,0
8463,350,400,1848,185,1,0,1,0,0,0,1,0,1,0,0,0,0
8464,350,400,0,8232,0,0,1,0,0,0,1,0,0,1,0,0,0
8465,350,400,997,232,1,0,1,0,0,1,0,0,0,0,1,0,0
8466,350,400,1264,442,1,0,1,0,0,1,0,0,0,1,0,0,0
8467,500,450,1501,603,1,1,0,0,0,0,1,0,0,1,0,0,0
8468,350,400,469,66,1,0,1,0,0,0,1,0,0,0,0,1,0
8469,700,500,631,225,1,0,0,1,0,0,1,1,0,0,0,0,0
8470,500,450,0,2553,0,1,0,0,0,1,0,0,0,0,0,1,0
8471,700,500,1252,533,1,0,0,1,0,0,1,0,0,0,1,0,0
8472,350,400,0,9108,0,0,1,0,0,0,1,0,0,0,1,0,0
8473,350,400,742,72,1,0,1,0,0,1,0,0,0,0,0,1,0
8474,500,450,226,59,1,1,0,0,1,0,0,1,0,0,0,0,0
8475,350,400,1633,419,1,0,1,0,0,0,1,0,0,1,0,0,0
8476,350,400,1651,742,1,0,1,0,0,1,0,0,0,0,1,0,0
8477,500,450,1405,525,1,1,0,0,0,0,1,0,0,0,1,0,0
8478,350,400,0,3722,0,0,1,0,0,0,1,0,0,1,0,0,0
8479,350,400,286,83,1,0,1,0,0,0,1,0,1,0,0,0,0
8480,500,450,984,146,1,1,0,0,0,1,0,1,0,0,0,0,0
8481,350,400,1161,129,1,0,1,0,0,0,1,0,0,0,1,0,0
8482,350,400,0,6683,0,0,1,0,0,0,1,1,0,0,0,0,0
8483,350,400,1571,330,1,0,1,0,0,1,0,0,0,1,0,0,0
8484,350,400,243,97,1,0,1,0,1,0,0,0,0,1,0,0,0
8485,350,400,536,33,1,0,1,0,0,0,1,1,0,0,0,0,0
8486,350,400,1959,373,1,0,1,0,0,0,1,0,0,1,0,0,0
8487,350,400,583,223,1,0,1,0,0,1,0,0,0,0,0,1,0
8488,500,450,0,1006,0,1,0,0,0,0,1,0,0,0,1,0,0
8489,700,500,0,3269,0,0,0,1,0,1,0,0,0,1,0,0,0
8490,350,400,964,263,1,0,1,0,0,0,1,0,0,0,1,0,0
8491,500,450,1430,689,1,1,0,0,0,1,0,0,1,0,0,0,0
8492,350,400,0,5738,0,0,1,0,1,0,0,0,0,1,0,0,0
8493,350,400,1326,510,1,0,1,0,0,0,1,0,0,1,0,0,0
8494,350,400,1157,254,1,0,1,0,0,0,1,1,0,0,0,0,0
8495,350,400,1966,6,1,0,1,0,1,0,0,0,1,0,0,0,1
8496,350,400,1331,219,1,0,1,0,0,0,1,0,1,0,0,0,0
8497,350,400,0,8183,0,0,1,0,0,0,1,0,0,1,0,0,0
8498,350,400,1738,444,1,0,1,0,0,0,1,0,0,1,0,0,0
8499,350,400,654,187,1,0,1,0,0,0,1,1,0,0,0,0,0
8500,500,450,588,2,1,1,0,0,0,0,1,0,0,1,0,0,0
8501,350,400,0,8462,0,0,1,0,0,0,1,1,0,0,0,0,0
8502,350,400,111,9,1,0,1,0,0,1,0,0,0,0,0,1,0
8503,350,400,1673,615,1,0,1,0,0,0,1,0,0,0,0,1,0
8504,350,400,897,226,1,0,1,0,0,1,0,0,0,0,0,1,0
8505,500,450,1475,559,1,1,0,0,0,0,1,1,0,0,0,0,0
8506,350,400,0,8878,0,0,1,0,1,0,0,0,1,0,0,0,0
8507,350,400,872,272,1,0,1,0,0,0,1,0,0,0,0,1,0
8508,700,500,694,45,1,0,0,1,0,1,0,0,0,1,0,0,0
8509,350,400,29,13,1,0,1,0,1,0,0,0,0,0,0,1,0
8510,350,400,1807,742,1,0,1,0,0,0,1,0,0,0,0,1,0
8511,700,500,1748,713,1,0,0,1,0,1,0,0,0,1,0,0,0
8512,350,400,1789,580,1,0,1,0,0,0,1,0,0,1,0,0,0
8513,350,400,1392,476,1,0,1,0,0,0,1,0,0,0,1,0,0
8514,350,400,167,29,1,0,1,0,0,1,0,1,0,0,0,0,0
8515,700,500,0,3124,0,0,0,1,0,1,0,0,1,0,0,0,0
8516,350,400,1799,492,1,0,1,0,1,0,0,0,0,1,0,0,0
8517,700,500,94,45,1,0,0,1,0,1,0,0,0,1,0,0,0
8518,350,400,0,7103,0,0,1,0,0,0,1,0,0,1,0,0,0
8519,700,500,179,5,1,0,0,1,0,1,0,0,0,0,0,1,0
8520,350,400,1616,614,1,0,1,0,0,0,1,0,1,0,0,0,0
8521,350,400,652,129,1,0,1,0,0,1,0,0,1,0,0,0,0
8522,350,400,1663,646,1,0,1,0,0,0,1,0,0,1,0,0,0
8523,350,400,1628,93,1,0,1,0,0,0,1,0,0,0,1,0,0
8524,350,400,1230,181,1,0,1,0,0,0,1,1,0,0,0,0,0
8525,350,400,293,84,1,0,1,0,0,0,1,0,0,1,0,0,0
8526,350,400,0,5566,0,0,1,0,0,0,1,0,0,1,0,0,0
8527,700,500,1139,78,1,0,0,1,1,0,0,0,0,0,0,1,0
8528,350,400,1296,216,1,0,1,0,0,1,0,0,0,0,0,1,0
8529,350,400,0,1517,0,0,1,0,0,0,1,0,0,0,1,0,0
8530,350,400,364,128,1,0,1,0,0,0,1,0,0,0,1,0,0
8531,350,400,1621,806,1,0,1,0,0,0,1,0,0,0,0,1,0
8532,350,400,569,73,1,0,1,0,0,0,1,0,0,0,1,0,0
8533,350,400,1483,685,1,0,1,0,0,0,1,1,0,0,0,0,0
8534,350,400,1543,733,1,0,1,0,0,0,1,1,0,0,0,0,0
8535,350,400,829,413,1,0,1,0,0,0,1,1,0,0,0,0,0
8536,350,400,1675,743,1,0,1,0,0,0,1,0,0,1,0,0,0
8537,350,400,429,11,1,0,1,0,0,1,0,0,0,1,0,0,0
8538,500,450,1163,59,1,1,0,0,0,0,1,0,0,0,0,1,0
8539,350,400,447,214,1,0,1,0,0,0,1,0,1,0,0,0,0
8540,350,400,0,5414,0,0,1,0,0,1,0,0,0,0,0,1,0
8541,350,400,0,1648,0,0,1,0,0,1,0,0,0,0,1,0,0
8542,350,400,0,4421,0,0,1,0,1,0,0,0,0,1,0,0,0
8543,350,400,1626,13,1,0,1,0,0,1,0,1,0,0,0,0,1
8544,350,400,0,5484,0,0,1,0,0,0,1,0,0,0,0,1,0
8545,350,400,0,3939,0,0,1,0,0,0,1,1,0,0,0,0,0
8546,350,400,0,4301,0,0,1,0,0,0,1,1,0,0,0,0,0
8547,500,450,0,5954,0,1,0,0,1,0,0,0,0,0,1,0,0
8548,500,450,614,2,1,1,0,0,0,1,0,0,0,0,1,0,0
8549,500,450,757,39,1,1,0,0,0,0,1,0,1,0,0,0,0
8550,350,400,0,7350,0,0,1,0,0,0,1,0,0,0,1,0,0
8551,350,400,721,136,1,0,1,0,0,1,0,0,1,0,0,0,0
8552,350,400,141,59,1,0,1,0,0,1,0,0,0,1,0,0,0
8553,350,400,0,3449,0,0,1,0,0,0,1,0,0,0,0,1,0
8554,350,400,333,4,1,0,1,0,0,1,0,0,0,0,1,0,0
8555,500,450,1854,277,1,1,0,0,1,0,0,1,0,0,0,0,0
8556,700,500,1265,594,1,0,0,1,0,0,1,1,0,0,0,0,0
8557,350,400,560,39,1,0,1,0,0,1,0,0,0,0,0,1,0
8558,350,400,0,3726,0,0,1,0,0,0,1,0,0,1,0,0,0
8559,350,400,851,279,1,0,1,0,0,0,1,0,0,0,1,0,0
8560,350,400,434,17,1,0,1,0,0,0,1,0,0,1,0,0,0
8561,350,400,585,270,1,0,1,0,0,1,0,1,0,0,0,0,0
8562,700,500,402,20,1,0,0,1,1,0,0,0,1,0,0,0,0
8563,350,400,542,127,1,0,1,0,1,0,0,0,0,0,1,0,0
8564,500,450,732,14,1,1,0,0,0,0,1,1,0,0,0,0,0
8565,350,400,1680,129,1,0,1,0,0,0,1,0,0,0,0,1,0
8566,350,400,1358,93,1,0,1,0,0,0,1,0,0,0,0,1,0
8567,350,400,342,118,1,0,1,0,0,0,1,0,0,0,1,0,0
8568,350,400,352,31,1,0,1,0,0,1,0,0,0,0,0,1,0
8569,350,400,1974,582,1,0,1,0,0,0,1,0,0,0,1,0,0
8570,350,400,1736,394,1,0,1,0,0,0,1,0,0,0,0,1,0
8571,350,400,1597,428,1,0,1,0,1,0,0,0,0,1,0,0,0
8572,350,400,1175,401,1,0,1,0,0,0,1,0,0,1,0,0,0
8573,350,400,771,23,1,0,1,0,0,0,1,1,0,0,0,0,0
8574,350,400,1979,718,1,0,1,0,0,0,1,0,0,1,0,0,0
8575,350,400,135,35,1,0,1,0,0,0,1,0,0,1,0,0,0
8576,500,450,0,8973,0,1,0,0,0,0,1,0,0,1,0,0,0
8577,350,400,0,6509,0,0,1,0,0,0,1,0,0,0,0,1,0
8578,350,400,0,301,0,0,1,0,0,1,0,0,0,0,1,0,0
8579,700,500,264,38,1,0,0,1,0,0,1,0,0,0,0,1,0
8580,350,400,1948,714,1,0,1,0,0,0,1,0,0,0,1,0,0
8581,350,400,1784,833,1,0,1,0,0,0,1,0,1,0,0,0,0
8582,350,400,505,32,1,0,1,0,0,1,0,0,0,0,1,0,0
8583,350,400,0,6486,0,0,1,0,0,0,1,0,1,0,0,0,0
8584,350,400,1913,30,1,0,1,0,0,1,0,0,0,0,1,0,0
8585,350,400,1083,78,1,0,1,0,0,0,1,0,0,1,0,0,0
8586,350,400,690,244,1,0,1,0,0,0,1,0,0,0,1,0,0
8587,500,450,0,9458,0,1,0,0,0,1,0,0,0,0,1,0,0
8588,350,400,1514,629,1,0,1,0,0,0,1,0,0,1,0,0,0
8589,700,500,1355,70,1,0,0,1,0,0,1,0,0,0,1,0,0
8590,350,400,827,147,1,0,1,0,0,0,1,0,0,1,0,0,0
8591,500,450,678,69,1,1,0,0,0,0,1,1,0,0,0,0,0
8592,350,400,474,125,1,0,1,0,0,0,1,0,0,0,1,0,0
8593,500,450,1197,7,1,1,0,0,0,0,1,0,0,1,0,0,0
8594,350,400,1365,480,1,0,1,0,0,1,0,1,0,0,0,0,0
8595,350,400,784,197,1,0,1,0,0,0,1,0,1,0,0,0,0
8596,350,400,1705,389,1,0,1,0,0,0,1,1,0,0,0,0,0
8597,350,400,449,92,1,0,1,0,0,1,0,0,0,0,0,1,0
8598,500,450,1689,666,1,1,0,0,0,0,1,1,0,0,0,0,0
8599,500,450,351,100,1,1,0,0,0,0,1,0,1,0,0,0,0
8600,350,400,1255,264,1,0,1,0,0,0,1,1,0,0,0,0,0
8601,350,400,521,205,1,0,1,0,0,0,1,1,0,0,0,0,0
8602,350,400,602,197,1,0,1,0,0,0,1,0,1,0,0,0,0
8603,500,450,1860,887,1,1,0,0,0,1,0,0,0,0,0,1,0
8604,350,400,1276,123,1,0,1,0,0,0,1,0,1,0,0,0,0
8605,700,500,1862,258,1,0,0,1,0,1,0,0,1,0,0,0,0
8606,350,400,98,47,1,0,1,0,0,0,1,0,0,0,1,0,0
8607,350,400,1892,420,1,0,1,0,0,0,1,0,0,1,0,0,0
8608,500,450,0,8506,0,1,0,0,0,1,0,0,0,0,1,0,0
8609,350,400,0,6589,0,0,1,0,0,0,1,0,0,0,0,1,0
8610,350,400,164,79,1,0,1,0,0,0,1,0,0,0,1,0,0
8611,500,450,359,151,1,1,0,0,0,0,1,0,0,1,0,0,0
8612,350,400,0,2773,0,0,1,0,0,0,1,0,0,1,0,0,0
8613,350,400,436,202,1,0,1,0,1,0,0,0,0,1,0,0,0
8614,500,450,710,292,1,1,0,0,0,1,0,0,0,0,1,0,0
8615,700,500,457,46,1,0,0,1,1,0,0,0,0,1,0,0,0
8616,350,400,0,942,0,0,1,0,0,0,1,0,0,1,0,0,0
8617,350,400,1149,132,1,0,1,0,0,0,1,1,0,0,0,0,0
8618,500,450,1219,101,1,1,0,0,0,1,0,0,1,0,0,0,0
8619,350,400,1863,801,1,0,1,0,0,1,0,0,0,0,0,1,0
8620,350,400,770,215,1,0,1,0,1,0,0,0,1,0,0,0,0
8621,500,450,1359,39,1,1,0,0,0,1,0,0,0,0,0,1,0
8622,350,400,0,1667,0,0,1,0,0,1,0,0,0,1,0,0,0
8623,700,500,339,119,1,0,0,1,0,1,0,0,0,0,0,1,0
8624,350,400,1571,471,1,0,1,0,0,0,1,0,1,0,0,0,0
8625,350,400,882,91,1,0,1,0,0,1,0,0,1,0,0,0,0
8626,350,400,601,115,1,0,1,0,0,1,0,0,0,1,0,0,0
8627,350,400,929,340,1,0,1,0,1,0,0,0,1,0,0,0,0
8628,350,400,170,31,1,0,1,0,0,1,0,1,0,0,0,0,0
8629,700,500,982,65,1,0,0,1,0,0,1,0,1,0,0,0,0
8630,350,400,0,9469,0,0,1,0,0,1,0,0,1,0,0,0,0
8631,350,400,0,7698,0,0,1,0,0,0,1,1,0,0,0,0,0
8632,350,400,460,25,1,0,1,0,0,0,1,0,0,0,1,0,0
8633,700,500,1698,372,1,0,0,1,0,0,1,0,0,1,0,0,0
8634,350,400,849,317,1,0,1,0,0,0,1,0,0,1,0,0,0
8635,500,450,1090,205,1,1,0,0,0,1,0,0,1,0,0,0,0
8636,350,400,567,239,1,0,1,0,0,0,1,0,0,0,0,1,0
8637,350,400,176,61,1,0,1,0,0,0,1,0,1,0,0,0,0
8638,700,500,0,8360,0,0,0,1,0,1,0,1,0,0,0,0,0
8639,350,400,1337,589,1,0,1,0,0,1,0,0,1,0,0,0,0
8640,350,400,1616,154,1,0,1,0,0,0,1,1,0,0,0,0,0
8641,350,400,629,194,1,0,1,0,0,1,0,0,0,1,0,0,0
8642,350,400,0,1296,0,0,1,0,0,1,0,0,0,0,1,0,0
8643,500,450,1209,240,1,1,0,0,0,0,1,0,0,0,1,0,0
8644,500,450,130,3,1,1,0,0,0,0,1,0,0,0,0,1,0
8645,500,450,1684,261,1,1,0,0,0,0,1,0,0,0,1,0,0
8646,350,400,1121,291,1,0,1,0,0,0,1,1,0,0,0,0,0
8647,350,400,176,43,1,0,1,0,0,0,1,0,0,1,0,0,0
8648,350,400,1104,368,1,0,1,0,1,0,0,0,1,0,0,0,0
8649,350,400,1544,26,1,0,1,0,0,0,1,0,0,0,1,0,0
8650,700,500,122,23,1,0,0,1,0,1,0,1,0,0,0,0,0
8651,350,400,0,3460,0,0,1,0,0,0,1,0,0,1,0,0,0
8652,350,400,65,12,1,0,1,0,0,0,1,1,0,0,0,0,0
8653,700,500,0,5860,0,0,0,1,0,0,1,1,0,0,0,0,0
8654,350,400,1513,655,1,0,1,0,0,0,1,0,1,0,0,0,0
8655,700,500,78,7,1,0,0,1,1,0,0,1,0,0,0,0,0
8656,350,400,1371,139,1,0,1,0,0,1,0,1,0,0,0,0,0
8657,500,450,650,22,1,1,0,0,0,1,0,0,0,1,0,0,0
8658,700,500,388,27,1,0,0,1,0,0,1,0,0,1,0,0,0
8659,350,400,1825,185,1,0,1,0,0,0,1,0,0,1,0,0,0
8660,350,400,268,132,1,0,1,0,0,0,1,0,0,0,1,0,0
8661,500,450,0,146,0,1,0,0,0,0,1,0,0,1,0,0,0
8662,350,400,1308,589,1,0,1,0,0,0,1,0,0,1,0,0,0
8663,350,400,0,4129,0,0,1,0,0,1,0,1,0,0,0,0,0
8664,500,450,933,271,1,1,0,0,0,0,1,0,0,0,0,1,0
8665,350,400,1505,561,1,0,1,0,0,0,1,0,1,0,0,0,0
8666,350,400,0,4677,0,0,1,0,0,1,0,0,0,0,0,1,0
8667,350,400,1839,678,1,0,1,0,0,0,1,0,0,0,0,1,0
8668,700,500,717,64,1,0,0,1,1,0,0,0,0,1,0,0,0
8669,700,500,1173,390,1,0,0,1,1,0,0,1,0,0,0,0,0
8670,350,400,0,6019,0,0,1,0,0,0,1,0,0,1,0,0,0
8671,350,400,148,2,1,0,1,0,0,0,1,1,0,0,0,0,0
8672,350,400,0,4820,0,0,1,0,1,0,0,0,0,0,1,0,0
8673,350,400,1395,86,1,0,1,0,1,0,0,0,1,0,0,0,0
8674,350,400,0,1438,0,0,1,0,0,0,1,1,0,0,0,0,0
8675,500,450,1021,77,1,1,0,0,0,1,0,0,0,0,1,0,0
8676,350,400,1470,475,1,0,1,0,0,1,0,0,0,1,0,0,0
8677,350,400,1864,575,1,0,1,0,0,1,0,0,0,1,0,0,0
8678,500,450,749,136,1,1,0,0,0,0,1,0,0,1,0,0,0
8679,500,450,0,687,0,1,0,0,0,0,1,1,0,0,0,0,0
8680,350,400,749,355,1,0,1,0,1,0,0,0,0,0,0,1,0
8681,350,400,1365,359,1,0,1,0,0,1,0,0,0,0,1,0,0
8682,500,450,645,318,1,1,0,0,0,0,1,1,0,0,0,0,0
8683,500,450,1982,165,1,1,0,0,0,0,1,0,0,0,0,1,0
8684,350,400,1929,618,1,0,1,0,0,0,1,0,0,1,0,0,0
8685,350,400,273,96,1,0,1,0,0,0,1,0,0,0,1,0,0
8686,350,400,418,31,1,0,1,0,0,0,1,1,0,0,0,0,0
8687,500,450,284,56,1,1,0,0,0,0,1,0,0,0,1,0,0
8688,350,400,959,75,1,0,1,0,0,0,1,0,0,1,0,0,0
8689,500,450,0,3175,0,1,0,0,0,1,0,1,0,0,0,0,0
8690,350,400,1594,88,1,0,1,0,0,0,1,0,0,1,0,0,0
8691,350,400,1518,98,1,0,1,0,0,0,1,0,0,1,0,0,0
8692,350,400,1877,569,1,0,1,0,0,0,1,0,0,0,1,0,0
8693,350,400,0,9092,0,0,1,0,0,0,1,1,0,0,0,0,0
8694,500,450,0,456,0,1,0,0,0,0,1,0,0,0,0,1,0
8695,350,400,777,259,1,0,1,0,0,0,1,0,0,1,0,0,0
8696,350,400,1821,95,1,0,1,0,0,0,1,0,0,0,1,0,0
8697,500,450,158,59,1,1,0,0,0,0,1,0,0,0,1,0,0
8698,700,500,815,346,1,0,0,1,0,0,1,0,0,0,1,0,0
8699,350,400,1064,407,1,0,1,0,0,0,1,1,0,0,0,0,0
8700,350,400,48,23,1,0,1,0,0,0,1,0,0,1,0,0,0
8701,350,400,1996,362,1,0,1,0,0,0,1,0,0,1,0,0,0
8702,500,450,1059,132,1,1,0,0,0,0,1,0,1,0,0,0,0
8703,350,400,0,6408,0,0,1,0,0,1,0,0,0,1,0,0,0
8704,500,450,656,294,1,1,0,0,0,0,1,1,0,0,0,0,0
8705,350,400,1822,744,1,0,1,0,1,0,0,1,0,0,0,0,0
8706,500,450,1330,57,1,1,0,0,0,0,1,1,0,0,0,0,0
8707,350,400,974,383,1,0,1,0,0,0,1,0,0,0,1,0,0
8708,350,400,376,34,1,0,1,0,0,0,1,0,0,1,0,0,0
8709,350,400,732,131,1,0,1,0,0,0,1,0,0,1,0,0,0
8710,350,400,1578,57,1,0,1,0,0,0,1,0,0,1,0,0,0
8711,500,450,1884,93,1,1,0,0,0,0,1,0,0,1,0,0,0
8712,350,400,531,168,1,0,1,0,0,0,1,0,0,1,0,0,0
8713,700,500,1130,431,1,0,0,1,0,0,1,1,0,0,0,0,0
8714,700,500,0,4392,0,0,0,1,0,0,1,1,0,0,0,0,0
8715,350,400,720,115,1,0,1,0,0,0,1,0,0,1,0,0,0
8716,700,500,1407,8,1,0,0,1,0,1,0,0,0,0,0,1,0
8717,350,400,623,134,1,0,1,0,0,0,1,1,0,0,0,0,0
8718,700,500,1669,349,1,0,0,1,0,1,0,0,0,0,1,0,0
8719,500,450,1150,16,1,1,0,0,0,0,1,0,1,0,0,0,0
8720,500,450,1173,422,1,1,0,0,0,1,0,0,1,0,0,0,0
8721,700,500,1625,785,1,0,0,1,0,1,0,0,0,1,0,0,0
8722,350,400,1521,662,1,0,1,0,0,0,1,1,0,0,0,0,0
8723,350,400,1310,64,1,0,1,0,0,0,1,0,0,0,0,1,0
8724,350,400,577,98,1,0,1,0,0,0,1,0,0,1,0,0,0
8725,350,400,942,35,1,0,1,0,0,0,1,0,0,1,0,0,0
8726,350,400,896,433,1,0,1,0,0,0,1,0,0,0,1,0,0
8727,700,500,0,1352,0,0,0,1,0,0,1,0,0,0,0,1,0
8728,700,500,190,83,1,0,0,1,0,1,0,1,0,0,0,0,0
8729,350,400,1662,332,1,0,1,0,0,0,1,0,0,1,0,0,0
8730,500,450,135,51,1,1,0,0,0,0,1,0,1,0,0,0,0
8731,700,500,1945,814,1,0,0,1,0,0,1,0,0,0,0,1,0
8732,350,400,1831,150,1,0,1,0,0,1,0,0,0,1,0,0,0
8733,350,400,802,60,1,0,1,0,0,1,0,0,0,0,1,0,0
8734,500,450,1681,490,1,1,0,0,0,0,1,0,0,0,0,1,0
8735,350,400,1725,242,1,0,1,0,0,0,1,0,0,0,1,0,0
8736,350,400,612,180,1,0,1,0,0,0,1,0,1,0,0,0,0
8737,700,500,0,9470,0,0,0,1,0,1,0,0,0,0,1,0,0
8738,350,400,1686,66,1,0,1,0,0,0,1,0,1,0,0,0,0
8739,350,400,1386,647,1,0,1,0,0,0,1,0,1,0,0,0,0
8740,350,400,358,51,1,0,1,0,1,0,0,0,1,0,0,0,0
8741,350,400,0,3997,0,0,1,0,0,0,1,0,0,1,0,0,0
8742,500,450,0,6590,0,1,0,0,0,0,1,0,0,1,0,0,0
8743,350,400,0,4220,0,0,1,0,0,0,1,0,0,0,1,0,0
8744,350,400,1747,592,1,0,1,0,0,1,0,0,0,0,0,1,0
8745,500,450,295,61,1,1,0,0,0,0,1,0,0,1,0,0,0
8746,350,400,1185,453,1,0,1,0,0,1,0,0,0,1,0,0,0
8747,350,400,1737,734,1,0,1,0,0,0,1,0,0,0,1,0,0
8748,350,400,1322,344,1,0,1,0,0,1,0,0,0,0,1,0,0
8749,500,450,425,38,1,1,0,0,0,0,1,0,0,0,1,0,0
8750,350,400,1585,636,1,0,1,0,0,1,0,0,0,0,0,1,0
8751,350,400,951,212,1,0,1,0,0,1,0,0,0,1,0,0,0
8752,700,500,0,4267,0,0,0,1,0,0,1,0,0,0,1,0,0
8753,350,400,1955,413,1,0,1,0,0,0,1,0,0,0,0,1,0
8754,350,400,410,6,1,0,1,0,0,0,1,0,0,1,0,0,0
8755,500,450,131,63,1,1,0,0,1,0,0,0,0,1,0,0,1
8756,350,400,0,6345,0,0,1,0,0,0,1,0,0,0,0,1,0
8757,350,400,298,70,1,0,1,0,0,1,0,1,0,0,0,0,0
8758,350,400,0,7537,0,0,1,0,1,0,0,0,0,0,1,0,0
8759,700,500,1612,297,1,0,0,1,1,0,0,1,0,0,0,0,0
8760,350,400,1626,444,1,0,1,0,0,0,1,0,1,0,0,0,0
8761,350,400,340,80,1,0,1,0,1,0,0,0,0,0,0,1,0
8762,350,400,1394,677,1,0,1,0,0,0,1,0,0,1,0,0,0
8763,350,400,686,105,1,0,1,0,0,0,1,0,0,0,0,1,0
8764,350,400,0,9491,0,0,1,0,0,1,0,0,0,1,0,0,0
8765,350,400,0,4186,0,0,1,0,1,0,0,0,0,0,0,1,0
8766,350,400,587,96,1,0,1,0,0,1,0,1,0,0,0,0,0
8767,700,500,1512,371,1,0,0,1,0,0,1,1,0,0,0,0,0
8768,350,400,1921,818,1,0,1,0,0,0,1,0,0,0,1,0,0
8769,500,450,1630,667,1,1,0,0,0,1,0,0,0,0,0,1,0
8770,350,400,0,8028,0,0,1,0,0,1,0,0,0,0,1,0,0
8771,350,400,0,6738,0,0,1,0,0,1,0,0,0,1,0,0,0
8772,350,400,0,3670,0,0,1,0,0,1,0,0,0,1,0,0,0
8773,350,400,0,1232,0,0,1,0,0,1,0,0,0,0,1,0,0
8774,500,450,1416,373,1,1,0,0,0,1,0,0,0,1,0,0,0
8775,500,450,828,409,1,1,0,0,0,0,1,0,0,1,0,0,0
8776,350,400,1451,196,1,0,1,0,0,0,1,0,0,0,1,0,0
8777,350,400,1689,235,1,0,1,0,0,0,1,0,0,0,0,1,0
8778,700,500,479,38,1,0,0,1,0,0,1,0,0,1,0,0,0
8779,350,400,1098,503,1,0,1,0,0,0,1,0,0,0,0,1,0
8780,350,400,1773,391,1,0,1,0,0,0,1,0,1,0,0,0,0
8781,350,400,0,1320,0,0,1,0,0,1,0,1,0,0,0,0,0
8782,500,450,895,15,1,1,0,0,0,0,1,0,0,0,1,0,0
8783,350,400,1360,186,1,0,1,0,0,0,1,0,0,0,0,1,0
8784,700,500,271,132,1,0,0,1,0,0,1,0,0,0,1,0,0
8785,350,400,0,3848,0,0,1,0,0,0,1,0,0,0,1,0,0
8786,350,400,1005,238,1,0,1,0,0,0,1,0,0,0,1,0,0
8787,350,400,0,6949,0,0,1,0,0,0,1,0,0,0,0,1,0
8788,350,400,0,1302,0,0,1,0,0,0,1,1,0,0,0,0,0
8789,350,400,0,4473,0,0,1,0,0,0,1,1,0,0,0,0,0
8790,500,450,713,291,1,1,0,0,0,0,1,0,0,1,0,0,0
8791,700,500,233,16,1,0,0,1,0,1,0,0,0,0,1,0,0
8792,350,400,650,1,1,0,1,0,0,1,0,0,0,0,0,1,0
8793,350,400,0,1707,0,0,1,0,0,0,1,1,0,0,0,0,0
8794,350,400,1639,587,1,0,1,0,0,0,1,0,0,0,1,0,0
8795,350,400,0,3125,0,0,1,0,0,0,1,0,1,0,0,0,0
8796,350,400,1455,209,1,0,1,0,0,0,1,0,0,1,0,0,0
8797,350,400,1473,191,1,0,1,0,0,1,0,0,1,0,0,0,0
8798,350,400,1824,878,1,0,1,0,0,0,1,0,0,1,0,0,0
8799,350,400,1742,637,1,0,1,0,0,0,1,0,1,0,0,0,0
8800,500,450,0,1438,0,1,0,0,0,0,1,0,0,1,0,0,0
8801,350,400,0,5168,0,0,1,0,0,0,1,0,0,0,1,0,0
8802,350,400,914,47,1,0,1,0,0,0,1,0,1,0,0,0,0
8803,350,400,1393,302,1,0,1,0,0,0,1,1,0,0,0,0,0
8804,350,400,1632,551,1,0,1,0,0,1,0,0,0,0,1,0,0
8805,350,400,0,2752,0,0,1,0,1,0,0,0,0,1,0,0,0
8806,350,400,154,25,1,0,1,0,0,0,1,0,0,1,0,0,0
8807,350,400,347,133,1,0,1,0,0,1,0,1,0,0,0,0,0
8808,500,450,0,279,0,1,0,0,0,1,0,0,1,0,0,0,0
8809,350,400,754,19,1,0,1,0,0,0,1,0,0,1,0,0,0
8810,350,400,1077,2,1,0,1,0,0,1,0,0,0,0,1,0,0
8811,350,400,996,347,1,0,1,0,0,0,1,0,0,0,0,1,0
8812,350,400,1674,480,1,0,1,0,0,0,1,0,1,0,0,0,0
8813,350,400,486,55,1,0,1,0,0,0,1,0,0,1,0,0,0
8814,500,450,872,72,1,1,0,0,0,0,1,0,0,1,0,0,0
8815,500,450,750,234,1,1,0,0,0,1,0,0,0,1,0,0,0
8816,350,400,1767,229,1,0,1,0,1,0,0,0,0,1,0,0,0
8817,350,400,1463,278,1,0,1,0,0,1,0,1,0,0,0,0,0
8818,350,400,1742,363,1,0,1,0,0,0,1,1,0,0,0,0,0
8819,350,400,0,4951,0,0,1,0,1,0,0,0,0,1,0,0,0
8820,500,450,0,1979,0,1,0,0,0,1,0,1,0,0,0,0,0
8821,350,400,1853,341,1,0,1,0,0,1,0,0,0,1,0,0,0
8822,700,500,547,49,1,0,0,1,0,0,1,0,0,1,0,0,0
8823,350,400,1329,304,1,0,1,0,0,0,1,0,0,0,1,0,0
8824,500,450,1436,654,1,1,0,0,1,0,0,0,0,1,0,0,0
8825,350,400,948,133,1,0,1,0,0,1,0,0,0,0,0,1,0
8826,350,400,376,94,1,0,1,0,0,1,0,0,0,0,1,0,0
8827,350,400,1188,369,1,0,1,0,0,1,0,0,0,0,1,0,0
8828,350,400,771,13,1,0,1,0,0,0,1,0,0,0,0,1,0
8829,350,400,1559,157,1,0,1,0,0,0,1,0,0,0,1,0,0
8830,700,500,0,1515,0,0,0,1,0,0,1,0,0,1,0,0,0
8831,350,400,971,332,1,0,1,0,0,0,1,0,0,0,1,0,0
8832,500,450,563,30,1,1,0,0,0,1,0,0,0,1,0,0,0
8833,350,400,1604,385,1,0,1,0,0,1,0,1,0,0,0,0,0
8834,350,400,1895,556,1,0,1,0,1,0,0,1,0,0,0,0,0
8835,350,400,0,6590,0,0,1,0,0,0,1,0,0,1,0,0,0
8836,350,400,662,263,1,0,1,0,1,0,0,0,0,0,0,1,0
8837,350,400,0,4063,0,0,1,0,0,0,1,0,0,0,1,0,0
8838,350,400,889,269,1,0,1,0,0,0,1,0,0,1,0,0,0
8839,500,450,691,299,1,1,0,0,0,0,1,0,0,0,1,0,0
8840,350,400,1366,635,1,0,1,0,0,0,1,0,1,0,0,0,0
8841,350,400,452,134,1,0,1,0,0,1,0,0,0,0,1,0,0
8842,500,450,0,1863,0,1,0,0,0,1,0,0,0,0,0,1,0
8843,350,400,1781,615,1,0,1,0,0,0,1,0,0,1,0,0,0
8844,500,450,0,5830,0,1,0,0,0,0,1,0,0,0,1,0,0
8845,350,400,0,1436,0,0,1,0,0,0,1,1,0,0,0,0,0
8846,500,450,0,1703,0,1,0,0,1,0,0,0,0,0,1,0,0
8847,350,400,1034,67,1,0,1,0,0,0,1,0,0,1,0,0,0
8848,500,450,0,2303,0,1,0,0,0,0,1,0,0,0,1,0,0
8849,350,400,1794,819,1,0,1,0,0,0,1,0,0,1,0,0,0
8850,500,450,1358,171,1,1,0,0,0,1,0,0,0,0,1,0,0
8851,350,400,1378,165,1,0,1,0,0,1,0,1,0,0,0,0,0
8852,350,400,0,9322,0,0,1,0,0,0,1,1,0,0,0,0,0
8853,350,400,1174,508,1,0,1,0,0,1,0,0,0,1,0,0,0
8854,350,400,0,4048,0,0,1,0,0,1,0,0,0,0,1,0,0
8855,500,450,1286,123,1,1,0,0,0,0,1,0,0,1,0,0,0
8856,350,400,1989,800,1,0,1,0,0,0,1,0,0,1,0,0,0
8857,700,500,88,21,1,0,0,1,0,1,0,0,0,1,0,0,0
8858,350,400,1380,342,1,0,1,0,0,0,1,0,0,0,1,0,0
8859,350,400,0,1740,0,0,1,0,0,0,1,0,0,1,0,0,0
8860,350,400,886,151,1,0,1,0,0,0,1,0,0,0,0,1,0
8861,350,400,1302,478,1,0,1,0,0,0,1,1,0,0,0,0,0
8862,350,400,1216,512,1,0,1,0,0,1,0,0,0,0,1,0,0
8863,350,400,1019,128,1,0,1,0,0,0,1,1,0,0,0,0,0
8864,500,450,0,8603,0,1,0,0,0,1,0,1,0,0,0,0,0
8865,500,450,0,8846,0,1,0,0,0,0,1,0,0,0,0,1,0
8866,350,400,450,196,1,0,1,0,0,0,1,0,0,1,0,0,0
8867,350,400,581,8,1,0,1,0,0,0,1,0,0,0,1,0,0
8868,350,400,759,2,1,0,1,0,0,0,1,0,0,1,0,0,0
8869,350,400,0,6115,0,0,1,0,1,0,0,0,0,0,1,0,0
8870,350,400,677,139,1,0,1,0,0,0,1,1,0,0,0,0,0
8871,350,400,0,9823,0,0,1,0,0,1,0,1,0,0,0,0,0
8872,350,400,467,224,1,0,1,0,0,0,1,0,0,1,0,0,0
8873,350,400,1511,97,1,0,1,0,0,0,1,0,1,0,0,0,0
8874,350,400,1179,438,1,0,1,0,1,0,0,0,0,1,0,0,0
8875,350,400,948,346,1,0,1,0,0,0,1,0,0,0,0,1,0
8876,350,400,1591,521,1,0,1,0,0,0,1,0,0,0,0,1,0
8877,500,450,0,1646,0,1,0,0,0,0,1,0,0,1,0,0,0
8878,350,400,0,139,0,0,1,0,0,1,0,0,0,0,0,1,0
8879,500,450,1532,161,1,1,0,0,0,0,1,0,1,0,0,0,0
8880,350,400,838,307,1,0,1,0,0,1,0,1,0,0,0,0,0
8881,500,450,0,6031,0,1,0,0,0,0,1,0,0,0,0,1,0
8882,500,450,0,5995,0,1,0,0,0,1,0,0,0,0,1,0,0
8883,350,400,612,205,1,0,1,0,0,0,1,1,0,0,0,0,0
8884,500,450,0,8409,0,1,0,0,0,0,1,1,0,0,0,0,0
8885,350,400,0,9696,0,0,1,0,0,1,0,1,0,0,0,0,0
8886,500,450,410,67,1,1,0,0,0,0,1,0,0,0,0,1,0
8887,350,400,0,9008,0,0,1,0,0,1,0,1,0,0,0,0,0
8888,350,400,370,4,1,0,1,0,0,1,0,0,0,1,0,0,0
8889,500,450,1540,697,1,1,0,0,0,0,1,1,0,0,0,0,0
8890,350,400,582,271,1,0,1,0,0,0,1,1,0,0,0,0,0
8891,700,500,783,319,1,0,0,1,1,0,0,0,1,0,0,0,0
8892,350,400,1960,152,1,0,1,0,0,1,0,0,0,1,0,0,0
8893,350,400,1237,605,1,0,1,0,0,0,1,0,0,1,0,0,0
8894,350,400,465,61,1,0,1,0,1,0,0,0,0,0,0,1,0
8895,350,400,1759,258,1,0,1,0,0,1,0,1,0,0,0,0,0
8896,350,400,0,5927,0,0,1,0,0,0,1,1,0,0,0,0,0
8897,350,400,0,4413,0,0,1,0,0,1,0,0,0,1,0,0,0
8898,350,400,610,94,1,0,1,0,0,0,1,1,0,0,0,0,0
8899,350,400,552,199,1,0,1,0,0,0,1,1,0,0,0,0,0
8900,350,400,1729,415,1,0,1,0,0,0,1,0,0,1,0,0,0
8901,350,400,960,350,1,0,1,0,0,0,1,0,1,0,0,0,0
8902,350,400,0,1260,0,0,1,0,0,1,0,0,1,0,0,0,0
8903,700,500,624,10,1,0,0,1,1,0,0,1,0,0,0,0,0
8904,350,400,0,6322,0,0,1,0,0,0,1,1,0,0,0,0,0
8905,700,500,1162,57,1,0,0,1,0,1,0,0,0,0,1,0,0
8906,500,450,1249,40,1,1,0,0,0,0,1,0,1,0,0,0,0
8907,700,500,477,71,1,0,0,1,0,1,0,0,0,1,0,0,0
8908,500,450,196,12,1,1,0,0,0,1,0,0,0,0,0,1,0
8909,500,450,1681,663,1,1,0,0,0,0,1,1,0,0,0,0,0
8910,350,400,1317,561,1,0,1,0,0,0,1,0,0,1,0,0,0
8911,500,450,0,3575,0,1,0,0,1,0,0,0,0,1,0,0,0
8912,350,400,0,6162,0,0,1,0,0,0,1,1,0,0,0,0,0
8913,350,400,517,186,1,0,1,0,0,0,1,1,0,0,0,0,0
8914,350,400,359,64,1,0,1,0,0,0,1,0,1,0,0,0,0
8915,350,400,837,105,1,0,1,0,0,1,0,0,0,0,1,0,0
8916,350,400,570,97,1,0,1,0,0,1,0,1,0,0,0,0,0
8917,500,450,1424,193,1,1,0,0,0,1,0,0,0,0,0,1,0
8918,350,400,1298,555,1,0,1,0,0,0,1,0,0,0,1,0,0
8919,350,400,855,51,1,0,1,0,0,1,0,0,0,1,0,0,0
8920,350,400,312,153,1,0,1,0,1,0,0,0,0,1,0,0,0
8921,350,400,0,7814,0,0,1,0,0,0,1,0,0,0,0,1,0
8922,350,400,121,14,1,0,1,0,0,0,1,1,0,0,0,0,0
8923,350,400,866,94,1,0,1,0,0,0,1,0,0,0,0,1,0
8924,350,400,1103,147,1,0,1,0,0,0,1,0,0,0,1,0,0
8925,350,400,855,360,1,0,1,0,0,0,1,0,0,0,1,0,0
8926,350,400,1333,392,1,0,1,0,0,1,0,0,0,1,0,0,0
8927,350,400,404,162,1,0,1,0,0,0,1,0,0,0,0,1,0
8928,500,450,0,9263,0,1,0,0,1,0,0,0,0,0,0,1,0
8929,500,450,1084,25,1,1,0,0,0,1,0,1,0,0,0,0,0
8930,350,400,0,1111,0,0,1,0,0,1,0,0,1,0,0,0,0
8931,350,400,596,97,1,0,1,0,0,1,0,0,0,0,0,1,0
8932,350,400,1378,265,1,0,1,0,0,1,0,0,0,0,0,1,0
8933,500,450,1959,934,1,1,0,0,0,0,1,1,0,0,0,0,0
8934,700,500,1731,822,1,0,0,1,0,0,1,1,0,0,0,0,0
8935,700,500,1965,412,1,0,0,1,1,0,0,0,1,0,0,0,1
8936,350,400,1016,483,1,0,1,0,0,0,1,0,0,1,0,0,0
8937,350,400,0,7983,0,0,1,0,0,0,1,0,0,0,0,1,0
8938,350,400,907,353,1,0,1,0,0,0,1,0,0,1,0,0,0
8939,350,400,766,370,1,0,1,0,0,1,0,1,0,0,0,0,0
8940,350,400,1444,244,1,0,1,0,0,0,1,0,0,1,0,0,0
8941,350,400,1795,403,1,0,1,0,0,0,1,0,1,0,0,0,0
8942,350,400,1088,501,1,0,1,0,0,0,1,0,0,0,1,0,0
8943,350,400,278,94,1,0,1,0,0,0,1,0,0,0,1,0,0
8944,350,400,1029,297,1,0,1,0,0,0,1,1,0,0,0,0,0
8945,350,400,461,7,1,0,1,0,1,0,0,0,0,0,1,0,0
8946,500,450,523,111,1,1,0,0,0,0,1,0,0,0,0,1,0
8947,350,400,993,162,1,0,1,0,0,0,1,0,0,0,0,1,0
8948,350,400,1850,661,1,0,1,0,0,1,0,0,0,1,0,0,1
8949,350,400,970,354,1,0,1,0,0,0,1,0,0,1,0,0,0
8950,350,400,53,23,1,0,1,0,0,1,0,0,0,0,0,1,0
8951,350,400,54,26,1,0,1,0,0,0,1,0,0,0,1,0,0
8952,350,400,204,34,1,0,1,0,0,0,1,0,0,1,0,0,0
8953,500,450,277,90,1,1,0,0,0,0,1,0,0,1,0,0,0
8954,350,400,645,248,1,0,1,0,0,1,0,0,0,0,1,0,0
8955,350,400,413,146,1,0,1,0,0,0,1,0,0,0,0,1,0
8956,350,400,401,196,1,0,1,0,1,0,0,1,0,0,0,0,0
8957,350,400,0,1997,0,0,1,0,0,0,1,0,0,0,1,0,0
8958,350,400,0,454,0,0,1,0,0,0,1,0,0,1,0,0,0
8959,500,450,703,154,1,1,0,0,0,0,1,0,0,0,1,0,0
8960,350,400,900,347,1,0,1,0,0,0,1,1,0,0,0,0,0
8961,500,450,350,45,1,1,0,0,0,0,1,0,0,0,1,0,0
8962,350,400,1046,287,1,0,1,0,1,0,0,0,0,1,0,0,0
8963,500,450,26,7,1,1,0,0,0,0,1,0,0,1,0,0,0
8964,350,400,1049,277,1,0,1,0,0,1,0,1,0,0,0,0,0
8965,500,450,70,28,1,1,0,0,0,1,0,0,0,0,1,0,0
8966,350,400,1032,335,1,0,1,0,0,1,0,1,0,0,0,0,0
8967,350,400,1499,446,1,0,1,0,1,0,0,0,0,0,0,1,0
8968,350,400,320,2,1,0,1,0,0,0,1,0,0,0,1,0,0
8969,350,400,1090,6,1,0,1,0,0,0,1,0,0,1,0,0,0
8970,350,400,1583,548,1,0,1,0,0,0,1,0,0,0,1,0,0
8971,500,450,401,51,1,1,0,0,0,1,0,1,0,0,0,0,0
8972,350,400,815,146,1,0,1,0,0,1,0,0,0,0,0,1,0
8973,700,500,25,5,1,0,0,1,0,0,1,0,0,0,0,1,0
8974,500,450,695,92,1,1,0,0,0,0,1,1,0,0,0,0,0
8975,500,450,1287,195,1,1,0,0,0,0,1,0,0,1,0,0,0
8976,700,500,1108,294,1,0,0,1,1,0,0,1,0,0,0,0,0
8977,350,400,0,1860,0,0,1,0,0,1,0,0,0,1,0,0,0
8978,350,400,996,294,1,0,1,0,0,1,0,0,0,0,0,1,0
8979,350,400,454,160,1,0,1,0,0,0,1,0,0,0,1,0,0
8980,350,400,0,7888,0,0,1,0,0,0,1,0,0,1,0,0,0
8981,350,400,1006,286,1,0,1,0,1,0,0,0,0,0,0,1,0
8982,500,450,939,208,1,1,0,0,0,0,1,0,0,1,0,0,0
8983,500,450,462,109,1,1,0,0,0,0,1,0,0,0,1,0,0
8984,350,400,0,7220,0,0,1,0,0,0,1,0,0,1,0,0,0
8985,500,450,0,7381,0,1,0,0,0,0,1,1,0,0,0,0,0
8986,700,500,774,352,1,0,0,1,0,0,1,1,0,0,0,0,0
8987,350,400,1887,779,1,0,1,0,0,0,1,0,0,0,1,0,0
8988,350,400,0,362,0,0,1,0,0,1,0,0,0,0,1,0,0
8989,500,450,1637,704,1,1,0,0,0,0,1,1,0,0,0,0,0
8990,350,400,177,22,1,0,1,0,0,1,0,0,0,0,1,0,0
8991,700,500,719,235,1,0,0,1,0,1,0,0,0,0,1,0,0
8992,350,400,1126,30,1,0,1,0,0,1,0,0,0,1,0,0,0
8993,350,400,1620,629,1,0,1,0,0,0,1,0,0,1,0,0,0
8994,350,400,803,358,1,0,1,0,0,0,1,0,0,0,1,0,0
8995,500,450,793,234,1,1,0,0,0,0,1,0,0,0,1,0,0
8996,700,500,19,4,1,0,0,1,0,0,1,0,1,0,0,0,0
8997,350,400,313,56,1,0,1,0,1,0,0,0,0,0,1,0,0
8998,350,400,725,325,1,0,1,0,0,0,1,0,0,0,1,0,0
8999,350,400,363,88,1,0,1,0,0,0,1,0,0,1,0,0,0
9000,500,450,823,335,1,1,0,0,0,1,0,0,0,1,0,0,0
9001,350,400,1422,644,1,0,1,0,0,0,1,0,1,0,0,0,0
9002,500,450,1315,565,1,1,0,0,0,1,0,0,1,0,0,0,0
9003,700,500,205,47,1,0,0,1,1,0,0,1,0,0,0,0,0
9004,350,400,662,330,1,0,1,0,0,0,1,0,0,0,1,0,0
9005,500,450,0,8768,0,1,0,0,0,0,1,1,0,0,0,0,0
9006,350,400,0,2211,0,0,1,0,0,1,0,0,0,0,0,1,0
9007,700,500,1341,357,1,0,0,1,0,0,1,1,0,0,0,0,0
9008,350,400,1502,536,1,0,1,0,0,0,1,0,0,1,0,0,0
9009,350,400,1340,567,1,0,1,0,0,1,0,0,0,1,0,0,0
9010,350,400,609,96,1,0,1,0,1,0,0,0,0,0,1,0,0
9011,350,400,1119,505,1,0,1,0,0,1,0,0,0,0,1,0,0
9012,350,400,1048,360,1,0,1,0,0,0,1,0,1,0,0,0,0
9013,500,450,60,4,1,1,0,0,0,0,1,0,0,0,0,1,0
9014,350,400,0,2776,0,0,1,0,0,0,1,0,0,0,1,0,0
9015,350,400,1170,143,1,0,1,0,0,0,1,1,0,0,0,0,0
9016,350,400,1167,339,1,0,1,0,0,1,0,1,0,0,0,0,0
9017,350,400,102,2,1,0,1,0,0,0,1,0,0,1,0,0,0
9018,350,400,1852,246,1,0,1,0,0,0,1,0,1,0,0,0,0
9019,350,400,185,83,1,0,1,0,0,0,1,0,0,0,0,1,0
9020,350,400,845,175,1,0,1,0,1,0,0,0,0,1,0,0,0
9021,700,500,710,142,1,0,0,1,0,0,1,0,0,0,0,1,0
9022,350,400,805,360,1,0,1,0,0,0,1,0,0,0,0,1,0
9023,350,400,476,3,1,0,1,0,0,0,1,0,0,1,0,0,0
9024,350,400,525,192,1,0,1,0,1,0,0,0,0,0,0,1,0
9025,500,450,672,42,1,1,0,0,0,0,1,0,0,1,0,0,0
9026,350,400,523,70,1,0,1,0,0,1,0,0,0,1,0,0,0
9027,350,400,0,6583,0,0,1,0,0,0,1,0,0,0,1,0,0
9028,350,400,0,2252,0,0,1,0,0,0,1,0,0,0,1,0,0
9029,350,400,220,107,1,0,1,0,0,1,0,0,0,0,1,0,0
9030,350,400,867,379,1,0,1,0,0,1,0,0,0,0,1,0,0
9031,500,450,529,206,1,1,0,0,0,0,1,1,0,0,0,0,0
9032,350,400,371,21,1,0,1,0,0,1,0,1,0,0,0,0,0
9033,500,450,0,9655,0,1,0,0,0,0,1,0,0,0,0,1,0
9034,350,400,1802,320,1,0,1,0,0,0,1,0,0,0,0,1,0
9035,500,450,646,266,1,1,0,0,0,0,1,0,0,1,0,0,0
9036,350,400,1794,372,1,0,1,0,0,1,0,0,0,0,1,0,0
9037,700,500,743,355,1,0,0,1,0,1,0,0,1,0,0,0,0
9038,350,400,1382,531,1,0,1,0,0,1,0,1,0,0,0,0,0
9039,350,400,1619,189,1,0,1,0,0,0,1,0,0,1,0,0,0
9040,350,400,0,4316,0,0,1,0,0,0,1,0,0,0,0,1,0
9041,500,450,1580,687,1,1,0,0,0,1,0,0,0,1,0,0,0
9042,350,400,411,192,1,0,1,0,0,0,1,0,0,0,1,0,0
9043,350,400,1300,347,1,0,1,0,0,0,1,0,0,1,0,0,0
9044,350,400,0,8289,0,0,1,0,0,0,1,0,1,0,0,0,0
9045,700,500,0,3278,0,0,0,1,1,0,0,0,0,0,1,0,0
9046,350,400,1371,155,1,0,1,0,0,0,1,1,0,0,0,0,0
9047,500,450,240,106,1,1,0,0,0,0,1,1,0,0,0,0,0
9048,700,500,534,260,1,0,0,1,0,0,1,0,0,1,0,0,0
9049,350,400,1584,555,1,0,1,0,0,0,1,0,0,1,0,0,0
9050,350,400,0,8585,0,0,1,0,0,1,0,0,0,0,1,0,0
9051,350,400,1955,504,1,0,1,0,0,0,1,1,0,0,0,0,0
9052,350,400,0,2302,0,0,1,0,0,0,1,0,0,0,0,1,0
9053,350,400,407,35,1,0,1,0,0,0,1,0,0,1,0,0,0
9054,350,400,684,7,1,0,1,0,0,0,1,0,1,0,0,0,0
9055,350,400,154,50,1,0,1,0,1,0,0,1,0,0,0,0,0
9056,700,500,1580,326,1,0,0,1,0,0,1,0,0,1,0,0,0
9057,350,400,936,18,1,0,1,0,0,1,0,0,0,1,0,0,0
9058,350,400,1078,386,1,0,1,0,0,0,1,0,0,0,1,0,0
9059,350,400,1012,485,1,0,1,0,0,0,1,1,0,0,0,0,0
9060,500,450,270,56,1,1,0,0,0,0,1,0,0,0,1,0,0
9061,500,450,1181,115,1,1,0,0,0,0,1,0,1,0,0,0,0
9062,350,400,0,5925,0,0,1,0,0,0,1,1,0,0,0,0,0
9063,350,400,1394,6,1,0,1,0,0,0,1,0,0,0,1,0,0
9064,350,400,800,65,1,0,1,0,0,1,0,0,0,0,0,1,0
9065,350,400,460,74,1,0,1,0,0,0,1,0,0,1,0,0,0
9066,350,400,117,33,1,0,1,0,1,0,0,0,1,0,0,0,0
9067,500,450,1597,560,1,1,0,0,0,0,1,1,0,0,0,0,0
9068,350,400,1737,429,1,0,1,0,0,0,1,0,0,1,0,0,0
9069,500,450,729,289,1,1,0,0,0,1,0,0,0,0,1,0,0
9070,500,450,1435,146,1,1,0,0,0,1,0,1,0,0,0,0,0
9071,350,400,506,28,1,0,1,0,0,1,0,1,0,0,0,0,0
9072,500,450,1168,289,1,1,0,0,0,0,1,0,0,1,0,0,0
9073,500,450,0,2666,0,1,0,0,0,0,1,1,0,0,0,0,0
9074,350,400,1111,389,1,0,1,0,0,0,1,0,0,0,1,0,0
9075,500,450,692,85,1,1,0,0,0,1,0,0,0,1,0,0,0
9076,500,450,0,5119,0,1,0,0,0,0,1,1,0,0,0,0,0
9077,350,400,1002,90,1,0,1,0,1,0,0,1,0,0,0,0,0
9078,350,400,0,1056,0,0,1,0,0,0,1,0,0,1,0,0,0
9079,350,400,1801,378,1,0,1,0,0,0,1,0,0,0,0,1,0
9080,350,400,553,88,1,0,1,0,1,0,0,0,0,1,0,0,0
9081,350,400,153,42,1,0,1,0,0,1,0,0,1,0,0,0,0
9082,350,400,0,5878,0,0,1,0,0,1,0,0,0,0,0,1,0
9083,500,450,1035,5,1,1,0,0,0,0,1,0,1,0,0,0,0
9084,500,450,1938,28,1,1,0,0,0,0,1,0,0,0,0,1,0
9085,350,400,1201,195,1,0,1,0,0,0,1,0,0,0,1,0,0
9086,500,450,0,129,0,1,0,0,1,0,0,1,0,0,0,0,0
9087,500,450,0,5696,0,1,0,0,0,1,0,0,0,1,0,0,0
9088,350,400,0,2850,0,0,1,0,0,0,1,0,0,0,1,0,0
9089,350,400,217,91,1,0,1,0,0,1,0,1,0,0,0,0,0
9090,500,450,295,7,1,1,0,0,0,0,1,0,0,0,1,0,0
9091,350,400,0,8624,0,0,1,0,0,0,1,0,0,0,0,1,0
9092,700,500,141,14,1,0,0,1,0,0,1,1,0,0,0,0,0
9093,350,400,1892,244,1,0,1,0,0,0,1,0,0,0,0,1,0
9094,700,500,350,130,1,0,0,1,0,0,1,0,0,0,1,0,0
9095,500,450,697,59,1,1,0,0,0,1,0,0,0,0,0,1,0
9096,700,500,0,5254,0,0,0,1,0,0,1,0,0,0,0,1,0
9097,350,400,1791,242,1,0,1,0,1,0,0,0,0,0,0,1,0
9098,350,400,1116,483,1,0,1,0,1,0,0,0,0,1,0,0,0
9099,500,450,112,18,1,1,0,0,0,0,1,0,0,1,0,0,0
9100,350,400,1177,510,1,0,1,0,0,0,1,1,0,0,0,0,0
9101,350,400,0,6147,0,0,1,0,0,0,1,0,0,0,0,1,0
9102,350,400,1849,114,1,0,1,0,0,0,1,0,0,0,0,1,0
9103,500,450,0,1861,0,1,0,0,1,0,0,1,0,0,0,0,0
9104,350,400,800,89,1,0,1,0,1,0,0,0,0,0,0,1,0
9105,500,450,999,436,1,1,0,0,0,0,1,0,1,0,0,0,0
9106,350,400,0,125,0,0,1,0,0,1,0,0,0,0,0,1,0
9107,700,500,1040,411,1,0,0,1,0,0,1,1,0,0,0,0,0
9108,500,450,693,257,1,1,0,0,0,0,1,1,0,0,0,0,0
9109,350,400,74,24,1,0,1,0,0,0,1,1,0,0,0,0,0
9110,350,400,654,13,1,0,1,0,0,1,0,0,0,0,0,1,0
9111,350,400,244,33,1,0,1,0,1,0,0,0,0,0,1,0,0
9112,500,450,388,72,1,1,0,0,0,0,1,0,0,1,0,0,0
9113,350,400,1227,235,1,0,1,0,0,1,0,0,0,1,0,0,0
9114,350,400,825,376,1,0,1,0,0,1,0,0,0,0,1,0,0
9115,700,500,1969,884,1,0,0,1,0,1,0,0,0,1,0,0,0
9116,350,400,656,162,1,0,1,0,0,0,1,1,0,0,0,0,0
9117,350,400,1009,44,1,0,1,0,0,0,1,0,0,0,0,1,0
9118,700,500,0,1200,0,0,0,1,0,1,0,0,0,0,1,0,0
9119,350,400,776,171,1,0,1,0,0,1,0,0,0,0,0,1,0
9120,350,400,0,314,0,0,1,0,0,0,1,0,0,1,0,0,0
9121,350,400,1104,129,1,0,1,0,0,0,1,1,0,0,0,0,0
9122,350,400,0,1900,0,0,1,0,0,1,0,0,0,1,0,0,0
9123,350,400,1746,534,1,0,1,0,0,0,1,0,1,0,0,0,0
9124,350,400,329,62,1,0,1,0,0,0,1,0,0,0,0,1,0
9125,350,400,365,155,1,0,1,0,0,0,1,0,0,0,0,1,0
9126,350,400,743,235,1,0,1,0,0,0,1,1,0,0,0,0,0
9127,350,400,1294,103,1,0,1,0,0,0,1,0,0,0,1,0,0
9128,350,400,1608,509,1,0,1,0,0,0,1,0,0,0,0,1,0
9129,700,500,1282,299,1,0,0,1,0,1,0,0,0,1,0,0,0
9130,350,400,0,2543,0,0,1,0,0,0,1,0,0,0,1,0,0
9131,700,500,934,197,1,0,0,1,0,0,1,1,0,0,0,0,0
9132,350,400,0,4068,0,0,1,0,1,0,0,0,0,1,0,0,0
9133,350,400,1125,436,1,0,1,0,0,0,1,1,0,0,0,0,0
9134,350,400,0,986,0,0,1,0,0,0,1,0,0,0,0,1,0
9135,350,400,0,686,0,0,1,0,0,0,1,0,0,1,0,0,0
9136,350,400,544,178,1,0,1,0,0,0,1,0,0,0,0,1,0
9137,500,450,1834,456,1,1,0,0,0,0,1,0,0,0,1,0,0
9138,350,400,1805,430,1,0,1,0,1,0,0,0,0,1,0,0,0
9139,350,400,426,138,1,0,1,0,0,1,0,0,0,1,0,0,0
9140,350,400,0,398,0,0,1,0,0,1,0,0,0,1,0,0,0
9141,350,400,0,6939,0,0,1,0,0,1,0,0,0,0,1,0,0
9142,350,400,283,78,1,0,1,0,0,1,0,1,0,0,0,0,0
9143,350,400,1262,208,1,0,1,0,0,0,1,0,0,0,1,0,0
9144,350,400,782,169,1,0,1,0,0,0,1,0,0,1,0,0,0
9145,350,400,423,36,1,0,1,0,0,0,1,0,0,0,0,1,0
9146,350,400,1413,604,1,0,1,0,0,1,0,0,0,1,0,0,0
9147,500,450,547,95,1,1,0,0,0,0,1,0,0,0,0,1,0
9148,700,500,346,133,1,0,0,1,0,1,0,0,0,0,0,1,0
9149,350,400,1435,463,1,0,1,0,0,0,1,1,0,0,0,0,0
9150,350,400,0,2891,0,0,1,0,0,1,0,0,0,0,1,0,0
9151,500,450,0,6564,0,1,0,0,0,0,1,0,0,0,1,0,0
9152,350,400,0,1169,0,0,1,0,0,1,0,0,0,1,0,0,0
9153,350,400,386,188,1,0,1,0,0,0,1,1,0,0,0,0,0
9154,350,400,638,34,1,0,1,0,0,0,1,1,0,0,0,0,0
9155,350,400,170,58,1,0,1,0,0,0,1,0,0,1,0,0,0
9156,350,400,972,210,1,0,1,0,1,0,0,0,0,1,0,0,0
9157,350,400,0,9520,0,0,1,0,0,0,1,0,0,0,1,0,0
9158,500,450,1818,879,1,1,0,0,0,1,0,0,0,0,0,1,0
9159,350,400,1253,464,1,0,1,0,0,0,1,0,0,1,0,0,0
9160,500,450,1113,356,1,1,0,0,0,0,1,0,1,0,0,0,0
9161,350,400,1115,440,1,0,1,0,0,0,1,0,0,0,1,0,0
9162,500,450,1252,20,1,1,0,0,0,1,0,0,0,0,1,0,0
9163,500,450,1190,222,1,1,0,0,0,0,1,0,0,0,0,1,0
9164,500,450,1576,765,1,1,0,0,1,0,0,0,0,0,1,0,0
9165,350,400,0,2220,0,0,1,0,0,1,0,0,0,1,0,0,0
9166,350,400,1131,312,1,0,1,0,0,1,0,0,0,0,1,0,0
9167,500,450,1991,425,1,1,0,0,1,0,0,0,0,0,0,1,0
9168,350,400,479,195,1,0,1,0,0,0,1,0,0,0,1,0,0
9169,350,400,1398,251,1,0,1,0,0,1,0,0,0,1,0,0,0
9170,350,400,1483,59,1,0,1,0,0,1,0,0,0,0,1,0,0
9171,350,400,0,5288,0,0,1,0,1,0,0,0,0,0,1,0,0
9172,350,400,0,7073,0,0,1,0,0,0,1,1,0,0,0,0,0
9173,350,400,1423,705,1,0,1,0,0,0,1,0,0,1,0,0,0
9174,350,400,1903,503,1,0,1,0,0,0,1,0,0,0,1,0,0
9175,350,400,0,6714,0,0,1,0,1,0,0,0,0,1,0,0,0
9176,700,500,1101,283,1,0,0,1,0,1,0,0,0,0,1,0,0
9177,350,400,1850,722,1,0,1,0,0,0,1,0,0,1,0,0,0
9178,350,400,1810,422,1,0,1,0,0,1,0,0,0,1,0,0,0
9179,350,400,1342,415,1,0,1,0,0,0,1,0,0,1,0,0,0
9180,350,400,1427,387,1,0,1,0,0,0,1,0,0,1,0,0,0
9181,500,450,0,3312,0,1,0,0,0,1,0,0,1,0,0,0,0
9182,350,400,0,772,0,0,1,0,0,0,1,1,0,0,0,0,0
9183,350,400,1286,107,1,0,1,0,0,0,1,0,0,0,1,0,0
9184,350,400,0,6651,0,0,1,0,0,0,1,1,0,0,0,0,0
9185,350,400,0,9512,0,0,1,0,0,0,1,0,0,0,1,0,0
9186,500,450,1684,742,1,1,0,0,0,1,0,0,0,1,0,0,0
9187,350,400,1430,375,1,0,1,0,1,0,0,0,0,0,1,0,0
9188,350,400,426,50,1,0,1,0,0,0,1,0,0,1,0,0,0
9189,350,400,0,3005,0,0,1,0,0,0,1,0,0,1,0,0,0
9190,500,450,0,9241,0,1,0,0,0,0,1,1,0,0,0,0,0
9191,700,500,716,191,1,0,0,1,1,0,0,0,0,0,0,1,0
9192,350,400,0,4955,0,0,1,0,1,0,0,0,1,0,0,0,0
9193,350,400,0,566,0,0,1,0,0,0,1,0,0,0,1,0,0
9194,350,400,1519,359,1,0,1,0,0,0,1,0,0,1,0,0,0
9195,350,400,0,6543,0,0,1,0,0,1,0,0,0,0,1,0,0
9196,350,400,420,132,1,0,1,0,0,1,0,0,0,1,0,0,0
9197,500,450,919,393,1,1,0,0,0,1,0,0,0,0,0,1,0
9198,350,400,226,45,1,0,1,0,0,0,1,0,0,0,1,0,0
9199,500,450,1401,535,1,1,0,0,0,1,0,0,0,0,1,0,0
9200,350,400,1668,44,1,0,1,0,0,0,1,1,0,0,0,0,0
9201,350,400,0,419,0,0,1,0,0,0,1,0,0,1,0,0,0
9202,500,450,1284,358,1,1,0,0,0,0,1,1,0,0,0,0,0
9203,350,400,0,7925,0,0,1,0,0,0,1,0,0,0,1,0,0
9204,350,400,1655,626,1,0,1,0,0,1,0,0,0,0,1,0,0
9205,350,400,867,163,1,0,1,0,0,0,1,0,0,0,1,0,0
9206,350,400,993,115,1,0,1,0,0,1,0,0,1,0,0,0,0
9207,350,400,685,131,1,0,1,0,0,0,1,0,0,1,0,0,0
9208,350,400,265,122,1,0,1,0,0,0,1,0,0,1,0,0,0
9209,350,400,1131,3,1,0,1,0,0,1,0,0,0,0,0,1,0
9210,500,450,236,91,1,1,0,0,0,1,0,0,1,0,0,0,0
9211,350,400,130,10,1,0,1,0,0,0,1,0,1,0,0,0,0
9212,350,400,0,8640,0,0,1,0,0,0,1,0,0,1,0,0,0
9213,350,400,0,3813,0,0,1,0,1,0,0,0,0,0,1,0,0
9214,700,500,469,135,1,0,0,1,0,0,1,0,0,1,0,0,0
9215,350,400,1404,99,1,0,1,0,0,0,1,0,1,0,0,0,0
9216,350,400,1031,387,1,0,1,0,0,0,1,0,0,0,0,1,0
9217,350,400,211,51,1,0,1,0,1,0,0,0,1,0,0,0,0
9218,350,400,1511,683,1,0,1,0,0,0,1,0,0,0,0,1,0
9219,350,400,127,6,1,0,1,0,0,0,1,0,0,0,0,1,0
9220,350,400,309,6,1,0,1,0,0,0,1,0,1,0,0,0,0
9221,350,400,0,4836,0,0,1,0,0,0,1,0,0,1,0,0,0
9222,500,450,980,452,1,1,0,0,0,0,1,0,0,0,1,0,0
9223,350,400,1739,827,1,0,1,0,0,1,0,0,0,0,1,0,0
9224,350,400,1709,620,1,0,1,0,0,0,1,0,0,0,0,1,0
9225,350,400,584,134,1,0,1,0,0,0,1,0,1,0,0,0,0
9226,350,400,1722,683,1,0,1,0,1,0,0,0,0,0,1,0,0
9227,500,450,579,28,1,1,0,0,0,0,1,0,0,1,0,0,0
9228,350,400,0,1078,0,0,1,0,0,0,1,0,0,0,0,1,0
9229,350,400,1410,184,1,0,1,0,0,0,1,0,0,1,0,0,0
9230,350,400,348,85,1,0,1,0,0,1,0,0,0,1,0,0,0
9231,350,400,351,106,1,0,1,0,0,0,1,0,0,0,1,0,0
9232,350,400,0,1550,0,0,1,0,0,0,1,0,0,0,1,0,0
9233,500,450,1077,298,1,1,0,0,0,1,0,0,0,0,1,0,0
9234,350,400,0,1349,0,0,1,0,0,1,0,1,0,0,0,0,0
9235,350,400,0,9632,0,0,1,0,0,0,1,1,0,0,0,0,0
9236,350,400,0,1992,0,0,1,0,0,0,1,0,0,1,0,0,0
9237,700,500,1248,478,1,0,0,1,0,1,0,0,0,0,1,0,0
9238,500,450,1209,299,1,1,0,0,0,0,1,1,0,0,0,0,0
9239,350,400,0,3338,0,0,1,0,0,1,0,0,0,0,1,0,0
9240,350,400,828,58,1,0,1,0,0,0,1,0,0,1,0,0,0
9241,350,400,1634,516,1,0,1,0,0,1,0,0,0,1,0,0,0
9242,350,400,1790,320,1,0,1,0,1,0,0,0,0,0,1,0,0
9243,350,400,203,51,1,0,1,0,0,1,0,0,0,0,1,0,0
9244,700,500,367,115,1,0,0,1,0,1,0,1,0,0,0,0,0
9245,350,400,1469,388,1,0,1,0,0,0,1,0,0,0,1,0,0
9246,500,450,1006,407,1,1,0,0,0,0,1,0,0,0,0,1,0
9247,700,500,0,5236,0,0,0,1,0,0,1,0,0,1,0,0,0
9248,350,400,0,3176,0,0,1,0,0,0,1,0,0,0,1,0,0
9249,350,400,391,49,1,0,1,0,0,0,1,1,0,0,0,0,0
9250,350,400,0,9512,0,0,1,0,0,1,0,0,0,0,1,0,0
9251,500,450,141,35,1,1,0,0,0,1,0,0,0,1,0,0,0
9252,500,450,107,27,1,1,0,0,0,0,1,0,0,1,0,0,0
9253,350,400,490,190,1,0,1,0,0,0,1,1,0,0,0,0,0
9254,350,400,0,1430,0,0,1,0,0,1,0,0,0,1,0,0,0
9255,350,400,986,246,1,0,1,0,0,0,1,0,0,1,0,0,0
9256,350,400,96,24,1,0,1,0,0,1,0,0,0,0,1,0,0
9257,500,450,0,8629,0,1,0,0,0,1,0,1,0,0,0,0,0
9258,350,400,1997,68,1,0,1,0,0,0,1,0,0,0,0,1,0
9259,350,400,0,9538,0,0,1,0,0,1,0,0,0,0,1,0,0
9260,350,400,0,2374,0,0,1,0,0,0,1,0,0,0,1,0,0
9261,350,400,0,3531,0,0,1,0,0,0,1,0,0,0,0,1,0
9262,350,400,1978,162,1,0,1,0,0,0,1,0,0,1,0,0,0
9263,500,450,0,5180,0,1,0,0,0,0,1,0,1,0,0,0,0
9264,350,400,0,8592,0,0,1,0,0,1,0,0,0,1,0,0,0
9265,700,500,1965,483,1,0,0,1,0,1,0,0,1,0,0,0,0
9266,350,400,203,55,1,0,1,0,0,0,1,0,0,1,0,0,0
9267,350,400,1776,518,1,0,1,0,0,0,1,0,0,0,1,0,0
9268,350,400,0,8630,0,0,1,0,0,0,1,0,0,1,0,0,0
9269,350,400,632,69,1,0,1,0,0,1,0,0,0,1,0,0,0
9270,350,400,1191,587,1,0,1,0,0,1,0,1,0,0,0,0,0
9271,350,400,0,1684,0,0,1,0,1,0,0,0,0,1,0,0,0
9272,350,400,490,155,1,0,1,0,0,0,1,1,0,0,0,0,0
9273,350,400,732,64,1,0,1,0,0,0,1,0,0,0,1,0,0
9274,350,400,843,313,1,0,1,0,0,1,0,0,0,0,1,0,0
9275,500,450,372,86,1,1,0,0,0,1,0,0,0,1,0,0,0
9276,350,400,183,8,1,0,1,0,1,0,0,0,0,1,0,0,0
9277,350,400,0,4519,0,0,1,0,0,0,1,0,0,1,0,0,0
9278,500,450,1807,490,1,1,0,0,0,0,1,0,0,1,0,0,0
9279,500,450,343,149,1,1,0,0,0,0,1,0,0,0,1,0,0
9280,350,400,888,99,1,0,1,0,0,0,1,0,0,0,1,0,0
9281,350,400,1159,134,1,0,1,0,0,0,1,0,0,0,0,1,0
9282,350,400,1217,119,1,0,1,0,0,0,1,0,0,1,0,0,0
9283,500,450,1440,59,1,1,0,0,0,1,0,0,0,1,0,0,0
9284,350,400,1968,57,1,0,1,0,0,1,0,0,0,1,0,0,0
9285,350,400,1951,43,1,0,1,0,0,0,1,0,1,0,0,0,0
9286,350,400,1538,110,1,0,1,0,0,1,0,0,0,1,0,0,0
9287,350,400,837,141,1,0,1,0,0,0,1,0,0,0,1,0,0
9288,500,450,1446,238,1,1,0,0,0,0,1,0,0,1,0,0,0
9289,350,400,792,258,1,0,1,0,0,1,0,1,0,0,0,0,0
9290,350,400,0,5923,0,0,1,0,1,0,0,0,0,0,1,0,0
9291,350,400,1440,654,1,0,1,0,0,1,0,0,0,0,1,0,0
9292,500,450,1544,150,1,1,0,0,0,0,1,0,0,0,1,0,0
9293,350,400,881,275,1,0,1,0,0,0,1,0,0,0,0,1,0
9294,350,400,446,83,1,0,1,0,0,0,1,0,0,1,0,0,0
9295,350,400,1124,381,1,0,1,0,0,1,0,1,0,0,0,0,0
9296,700,500,1593,179,1,0,0,1,0,1,0,0,0,0,1,0,0
9297,350,400,853,126,1,0,1,0,0,0,1,0,0,0,0,1,0
9298,500,450,1409,549,1,1,0,0,0,0,1,1,0,0,0,0,0
9299,350,400,1502,379,1,0,1,0,0,1,0,0,0,0,1,0,0
9300,350,400,1505,3,1,0,1,0,0,0,1,0,0,1,0,0,0
9301,700,500,929,357,1,0,0,1,0,0,1,1,0,0,0,0,0
9302,500,450,0,6629,0,1,0,0,0,0,1,0,0,1,0,0,0
9303,350,400,685,118,1,0,1,0,0,0,1,0,0,0,0,1,0
9304,350,400,671,40,1,0,1,0,0,0,1,0,1,0,0,0,0
9305,350,400,1356,553,1,0,1,0,0,1,0,0,0,0,1,0,0
9306,350,400,597,229,1,0,1,0,0,0,1,1,0,0,0,0,0
9307,350,400,1195,410,1,0,1,0,0,0,1,0,1,0,0,0,0
9308,350,400,899,75,1,0,1,0,0,0,1,0,0,0,1,0,0
9309,700,500,132,1,1,0,0,1,0,0,1,0,0,0,0,1,0
9310,700,500,1915,849,1,0,0,1,0,0,1,0,0,0,1,0,0
9311,350,400,93,13,1,0,1,0,0,0,1,0,0,0,1,0,0
9312,350,400,1770,459,1,0,1,0,0,0,1,0,0,0,1,0,0
9313,500,450,0,7074,0,1,0,0,0,0,1,0,1,0,0,0,0
9314,350,400,1456,284,1,0,1,0,0,1,0,1,0,0,0,0,0
9315,350,400,804,5,1,0,1,0,0,0,1,0,0,0,0,1,0
9316,350,400,1700,571,1,0,1,0,0,0,1,0,0,0,0,1,0
9317,500,450,582,23,1,1,0,0,0,0,1,0,0,0,1,0,0
9318,350,400,1070,527,1,0,1,0,0,0,1,0,1,0,0,0,0
9319,350,400,1568,147,1,0,1,0,0,0,1,0,1,0,0,0,0
9320,350,400,635,24,1,0,1,0,0,1,0,0,0,1,0,0,0
9321,350,400,0,4156,0,0,1,0,0,1,0,1,0,0,0,0,0
9322,350,400,0,7641,0,0,1,0,0,1,0,0,0,0,0,1,0
9323,500,450,0,1582,0,1,0,0,0,0,1,0,0,1,0,0,0
9324,350,400,27,6,1,0,1,0,0,0,1,1,0,0,0,0,0
9325,350,400,1639,692,1,0,1,0,0,1,0,0,0,0,1,0,0
9326,350,400,0,5085,0,0,1,0,0,1,0,0,0,0,0,1,0
9327,350,400,24,2,1,0,1,0,0,0,1,0,0,1,0,0,0
9328,350,400,1069,42,1,0,1,0,0,0,1,0,0,1,0,0,0
9329,500,450,0,8872,0,1,0,0,0,1,0,0,0,0,1,0,0
9330,350,400,501,90,1,0,1,0,0,0,1,0,0,1,0,0,0
9331,500,450,1177,521,1,1,0,0,0,1,0,0,0,0,1,0,0
9332,350,400,698,142,1,0,1,0,0,0,1,0,0,0,0,1,0
9333,350,400,111,19,1,0,1,0,0,1,0,0,0,0,1,0,0
9334,500,450,213,15,1,1,0,0,1,0,0,0,1,0,0,0,0
9335,350,400,0,6037,0,0,1,0,0,1,0,1,0,0,0,0,0
9336,350,400,1441,166,1,0,1,0,0,1,0,0,0,0,1,0,0
9337,500,450,939,289,1,1,0,0,0,0,1,0,0,0,0,1,0
9338,350,400,897,139,1,0,1,0,0,1,0,0,0,1,0,0,0
9339,350,400,0,119,0,0,1,0,0,0,1,0,0,1,0,0,0
9340,350,400,511,164,1,0,1,0,0,0,1,0,1,0,0,0,0
9341,350,400,565,234,1,0,1,0,0,1,0,0,0,0,1,0,0
9342,500,450,0,108,0,1,0,0,0,1,0,0,0,1,0,0,0
9343,700,500,431,90,1,0,0,1,0,1,0,0,1,0,0,0,0
9344,700,500,1446,464,1,0,0,1,0,0,1,0,0,0,1,0,0
9345,350,400,1803,475,1,0,1,0,0,1,0,0,0,0,1,0,0
9346,350,400,0,6843,0,0,1,0,0,0,1,1,0,0,0,0,0
9347,350,400,1589,149,1,0,1,0,0,1,0,0,0,1,0,0,0
9348,350,400,1796,687,1,0,1,0,0,0,1,1,0,0,0,0,0
9349,350,400,431,162,1,0,1,0,1,0,0,0,0,0,1,0,0
9350,700,500,0,4075,0,0,0,1,0,0,1,0,0,1,0,0,0
9351,500,450,0,9253,0,1,0,0,0,1,0,0,0,0,1,0,1
9352,350,400,1775,802,1,0,1,0,0,1,0,0,0,0,0,1,0
9353,350,400,1810,616,1,0,1,0,0,0,1,0,0,0,1,0,0
9354,500,450,0,7814,0,1,0,0,0,1,0,0,0,0,1,0,0
9355,350,400,746,335,1,0,1,0,0,0,1,0,1,0,0,0,0
9356,350,400,133,3,1,0,1,0,0,0,1,0,0,1,0,0,0
9357,350,400,523,227,1,0,1,0,0,1,0,0,0,0,1,0,0
9358,350,400,1060,134,1,0,1,0,0,0,1,0,0,0,1,0,0
9359,500,450,1657,681,1,1,0,0,1,0,0,1,0,0,0,0,0
9360,700,500,1088,408,1,0,0,1,0,1,0,0,0,1,0,0,0
9361,350,400,979,427,1,0,1,0,0,0,1,0,1,0,0,0,0
9362,350,400,804,25,1,0,1,0,0,0,1,0,0,0,0,1,0
9363,500,450,958,30,1,1,0,0,0,1,0,0,0,1,0,0,0
9364,350,400,0,6436,0,0,1,0,0,0,1,0,0,0,0,1,0
9365,350,400,1620,490,1,0,1,0,0,1,0,0,0,0,0,1,0
9366,350,400,113,38,1,0,1,0,0,0,1,0,0,0,1,0,0
9367,350,400,0,9100,0,0,1,0,0,0,1,1,0,0,0,0,0
9368,350,400,0,345,0,0,1,0,0,1,0,0,0,0,1,0,0
9369,700,500,165,11,1,0,0,1,1,0,0,1,0,0,0,0,0
9370,350,400,1326,451,1,0,1,0,0,0,1,1,0,0,0,0,0
9371,350,400,0,6625,0,0,1,0,0,1,0,0,0,0,1,0,0
9372,700,500,0,1302,0,0,0,1,0,0,1,0,0,1,0,0,0
9373,350,400,0,2984,0,0,1,0,0,1,0,0,0,1,0,0,0
9374,350,400,231,40,1,0,1,0,1,0,0,0,0,0,1,0,0
9375,350,400,0,2605,0,0,1,0,1,0,0,1,0,0,0,0,0
9376,500,450,1857,623,1,1,0,0,0,1,0,0,0,0,1,0,0
9377,700,500,920,327,1,0,0,1,0,0,1,1,0,0,0,0,0
9378,350,400,0,1011,0,0,1,0,0,0,1,0,0,0,1,0,0
9379,350,400,0,3514,0,0,1,0,0,0,1,0,0,1,0,0,0
9380,350,400,1945,173,1,0,1,0,0,1,0,0,0,1,0,0,0
9381,500,450,1532,475,1,1,0,0,1,0,0,0,0,1,0,0,0
9382,350,400,796,58,1,0,1,0,0,0,1,0,0,1,0,0,0
9383,350,400,1882,295,1,0,1,0,0,0,1,0,0,1,0,0,0
9384,500,450,1032,105,1,1,0,0,0,1,0,0,0,0,0,1,0
9385,350,400,0,4182,0,0,1,0,0,0,1,1,0,0,0,0,0
9386,350,400,0,8230,0,0,1,0,0,0,1,0,1,0,0,0,0
9387,700,500,1136,391,1,0,0,1,1,0,0,1,0,0,0,0,0
9388,700,500,517,138,1,0,0,1,0,0,1,0,0,1,0,0,0
9389,350,400,530,188,1,0,1,0,0,0,1,0,0,0,0,1,0
9390,350,400,670,206,1,0,1,0,0,0,1,0,0,0,1,0,0
9391,500,450,0,3957,0,1,0,0,0,1,0,1,0,0,0,0,0
9392,500,450,82,31,1,1,0,0,1,0,0,1,0,0,0,0,0
9393,350,400,0,2136,0,0,1,0,0,1,0,0,0,1,0,0,0
9394,700,500,170,2,1,0,0,1,0,0,1,0,0,0,1,0,0
9395,350,400,0,1267,0,0,1,0,1,0,0,0,0,0,0,1,0
9396,500,450,0,2672,0,1,0,0,0,0,1,0,0,1,0,0,0
9397,350,400,693,28,1,0,1,0,1,0,0,0,1,0,0,0,0
9398,500,450,257,98,1,1,0,0,0,1,0,0,0,0,1,0,0
9399,350,400,886,363,1,0,1,0,0,0,1,0,0,0,1,0,0
9400,500,450,349,100,1,1,0,0,0,1,0,0,0,0,1,0,0
9401,700,500,32,1,1,0,0,1,0,0,1,0,0,1,0,0,0
9402,500,450,789,186,1,1,0,0,0,1,0,0,0,1,0,0,0
9403,350,400,1527,305,1,0,1,0,0,0,1,0,0,1,0,0,0
9404,350,400,150,36,1,0,1,0,1,0,0,0,0,1,0,0,0
9405,350,400,667,207,1,0,1,0,1,0,0,0,0,0,1,0,0
9406,350,400,297,124,1,0,1,0,0,1,0,0,0,1,0,0,0
9407,350,400,1104,201,1,0,1,0,0,0,1,0,0,1,0,0,0
9408,350,400,0,7741,0,0,1,0,0,1,0,0,0,0,1,0,0
9409,350,400,682,131,1,0,1,0,0,0,1,1,0,0,0,0,0
9410,500,450,778,381,1,1,0,0,1,0,0,0,0,0,1,0,0
9411,700,500,701,94,1,0,0,1,0,1,0,0,0,0,1,0,0
9412,350,400,203,45,1,0,1,0,0,0,1,1,0,0,0,0,0
9413,500,450,357,32,1,1,0,0,1,0,0,0,0,0,1,0,0
9414,350,400,1408,147,1,0,1,0,0,0,1,0,0,1,0,0,0
9415,700,500,1825,52,1,0,0,1,0,0,1,0,0,1,0,0,0
9416,350,400,766,149,1,0,1,0,0,0,1,1,0,0,0,0,0
9417,350,400,0,6909,0,0,1,0,0,0,1,0,0,0,1,0,0
9418,700,500,1902,890,1,0,0,1,0,1,0,0,0,0,0,1,0
9419,350,400,0,6196,0,0,1,0,0,0,1,0,0,0,1,0,0
9420,700,500,541,112,1,0,0,1,1,0,0,1,0,0,0,0,0
9421,700,500,0,6862,0,0,0,1,0,1,0,1,0,0,0,0,0
9422,500,450,716,339,1,1,0,0,0,0,1,0,0,1,0,0,0
9423,500,450,1137,81,1,1,0,0,0,0,1,0,0,0,1,0,0
9424,500,450,1919,889,1,1,0,0,0,1,0,0,0,1,0,0,0
9425,350,400,1214,443,1,0,1,0,0,1,0,0,0,0,0,1,0
9426,350,400,0,6377,0,0,1,0,0,0,1,0,0,0,0,1,0
9427,350,400,0,6338,0,0,1,0,0,1,0,0,1,0,0,0,0
9428,350,400,0,9171,0,0,1,0,1,0,0,0,0,0,1,0,1
9429,350,400,1336,374,1,0,1,0,0,0,1,0,0,0,1,0,0
9430,350,400,1992,103,1,0,1,0,0,0,1,0,1,0,0,0,0
9431,350,400,505,54,1,0,1,0,0,0,1,1,0,0,0,0,0
9432,350,400,0,4043,0,0,1,0,0,0,1,0,0,1,0,0,0
9433,350,400,1362,13,1,0,1,0,0,0,1,0,0,0,1,0,0
9434,350,400,0,1612,0,0,1,0,0,1,0,0,0,1,0,0,0
9435,350,400,1167,260,1,0,1,0,0,0,1,0,0,1,0,0,0
9436,350,400,1354,170,1,0,1,0,0,0,1,0,1,0,0,0,0
9437,350,400,625,134,1,0,1,0,0,1,0,0,0,0,1,0,0
9438,350,400,0,320,0,0,1,0,0,0,1,1,0,0,0,0,0
9439,500,450,766,251,1,1,0,0,0,0,1,0,1,0,0,0,0
9440,350,400,0,6548,0,0,1,0,0,1,0,1,0,0,0,0,0
9441,350,400,1235,177,1,0,1,0,0,1,0,0,0,0,0,1,0
9442,350,400,0,5560,0,0,1,0,0,1,0,0,0,0,1,0,0
9443,350,400,0,3607,0,0,1,0,0,0,1,0,0,0,1,0,0
9444,350,400,1615,69,1,0,1,0,0,0,1,1,0,0,0,0,0
9445,350,400,391,26,1,0,1,0,0,1,0,0,0,1,0,0,0
9446,500,450,576,148,1,1,0,0,0,1,0,1,0,0,0,0,0
9447,500,450,975,335,1,1,0,0,0,0,1,1,0,0,0,0,0
9448,350,400,166,82,1,0,1,0,0,1,0,0,0,0,1,0,0
9449,350,400,661,227,1,0,1,0,0,1,0,0,0,0,0,1,0
9450,500,450,1184,374,1,1,0,0,0,0,1,0,0,0,1,0,0
9451,350,400,0,8127,0,0,1,0,0,0,1,0,0,1,0,0,0
9452,350,400,1508,411,1,0,1,0,0,0,1,0,0,0,0,1,0
9453,700,500,0,534,0,0,0,1,0,0,1,0,0,0,1,0,0
9454,350,400,0,1150,0,0,1,0,0,0,1,0,0,1,0,0,0
9455,500,450,0,4034,0,1,0,0,0,0,1,0,0,0,1,0,0
9456,350,400,0,1257,0,0,1,0,0,0,1,0,1,0,0,0,0
9457,350,400,1867,664,1,0,1,0,0,1,0,0,0,1,0,0,0
9458,350,400,1435,631,1,0,1,0,0,0,1,0,0,1,0,0,0
9459,500,450,974,317,1,1,0,0,0,1,0,0,0,0,1,0,0
9460,500,450,1887,283,1,1,0,0,0,0,1,0,0,1,0,0,0
9461,500,450,969,279,1,1,0,0,0,0,1,0,1,0,0,0,0
9462,350,400,224,12,1,0,1,0,0,0,1,1,0,0,0,0,0
9463,350,400,285,72,1,0,1,0,1,0,0,0,0,0,1,0,0
9464,700,500,113,47,1,0,0,1,0,1,0,1,0,0,0,0,0
9465,350,400,0,6528,0,0,1,0,0,1,0,0,1,0,0,0,0
9466,500,450,1991,544,1,1,0,0,0,1,0,1,0,0,0,0,0
9467,350,400,1736,451,1,0,1,0,0,0,1,0,0,0,0,1,0
9468,350,400,281,42,1,0,1,0,1,0,0,0,1,0,0,0,0
9469,350,400,81,21,1,0,1,0,0,0,1,0,0,1,0,0,0
9470,350,400,195,87,1,0,1,0,0,0,1,0,0,1,0,0,0
9471,700,500,368,30,1,0,0,1,0,0,1,1,0,0,0,0,0
9472,350,400,1655,296,1,0,1,0,0,0,1,0,0,0,1,0,0
9473,350,400,1814,475,1,0,1,0,0,0,1,1,0,0,0,0,0
9474,350,400,1022,298,1,0,1,0,0,0,1,0,1,0,0,0,0
9475,350,400,557,125,1,0,1,0,0,0,1,0,0,0,0,1,0
9476,500,450,1329,620,1,1,0,0,0,1,0,0,0,1,0,0,0
9477,700,500,0,7094,0,0,0,1,0,1,0,0,0,1,0,0,0
9478,350,400,952,130,1,0,1,0,0,1,0,0,0,1,0,0,0
9479,500,450,0,5504,0,1,0,0,0,1,0,1,0,0,0,0,0
9480,700,500,1059,478,1,0,0,1,0,1,0,0,0,0,1,0,0
9481,350,400,1832,424,1,0,1,0,0,0,1,0,0,0,1,0,0
9482,350,400,1229,567,1,0,1,0,0,0,1,0,1,0,0,0,0
9483,350,400,428,46,1,0,1,0,0,0,1,0,0,0,1,0,0
9484,500,450,1576,466,1,1,0,0,0,0,1,0,0,1,0,0,0
9485,350,400,1671,31,1,0,1,0,0,1,0,0,0,0,1,0,0
9486,500,450,1135,156,1,1,0,0,1,0,0,0,0,0,1,0,0
9487,500,450,724,289,1,1,0,0,0,1,0,1,0,0,0,0,0
9488,350,400,1900,480,1,0,1,0,0,0,1,0,0,0,0,1,0
9489,350,400,344,50,1,0,1,0,0,1,0,0,0,0,1,0,0
9490,350,400,1613,381,1,0,1,0,0,0,1,1,0,0,0,0,0
9491,350,400,0,2393,0,0,1,0,0,1,0,0,0,1,0,0,0
9492,500,450,1374,284,1,1,0,0,0,0,1,0,0,0,0,1,0
9493,500,450,909,209,1,1,0,0,0,0,1,1,0,0,0,0,0
9494,350,400,1397,665,1,0,1,0,0,0,1,0,0,0,1,0,0
9495,500,450,789,187,1,1,0,0,0,1,0,1,0,0,0,0,0
9496,500,450,1353,359,1,1,0,0,0,0,1,0,1,0,0,0,0
9497,350,400,0,7038,0,0,1,0,0,0,1,0,0,0,1,0,0
9498,350,400,0,8327,0,0,1,0,0,0,1,0,0,1,0,0,0
9499,350,400,902,20,1,0,1,0,0,1,0,0,1,0,0,0,0
9500,350,400,0,9659,0,0,1,0,0,0,1,1,0,0,0,0,0
9501,700,500,0,4140,0,0,0,1,0,1,0,0,0,1,0,0,0
9502,350,400,191,72,1,0,1,0,1,0,0,0,0,0,1,0,0
9503,350,400,1330,399,1,0,1,0,0,0,1,1,0,0,0,0,0
9504,350,400,0,6759,0,0,1,0,0,0,1,1,0,0,0,0,0
9505,350,400,680,99,1,0,1,0,0,0,1,0,0,0,1,0,0
9506,350,400,738,293,1,0,1,0,1,0,0,0,0,1,0,0,0
9507,500,450,0,4535,0,1,0,0,0,1,0,1,0,0,0,0,0
9508,350,400,0,3789,0,0,1,0,0,0,1,0,0,0,0,1,0
9509,350,400,106,27,1,0,1,0,1,0,0,0,0,1,0,0,0
9510,500,450,326,5,1,1,0,0,1,0,0,0,0,1,0,0,0
9511,350,400,0,4320,0,0,1,0,0,0,1,0,0,1,0,0,0
9512,500,450,0,4502,0,1,0,0,0,0,1,0,0,1,0,0,0
9513,350,400,1488,290,1,0,1,0,0,0,1,0,0,1,0,0,0
9514,500,450,1133,396,1,1,0,0,0,0,1,0,0,1,0,0,0
9515,500,450,1658,299,1,1,0,0,0,0,1,0,0,1,0,0,0
9516,350,400,717,356,1,0,1,0,0,0,1,0,0,1,0,0,0
9517,500,450,1779,640,1,1,0,0,0,1,0,1,0,0,0,0,0
9518,350,400,1040,5,1,0,1,0,0,1,0,1,0,0,0,0,0
9519,350,400,1465,554,1,0,1,0,0,1,0,0,0,0,0,1,0
9520,500,450,843,355,1,1,0,0,0,0,1,0,0,1,0,0,0
9521,500,450,435,199,1,1,0,0,0,0,1,0,1,0,0,0,0
9522,350,400,71,32,1,0,1,0,1,0,0,0,0,0,0,1,0
9523,350,400,0,7723,0,0,1,0,0,1,0,0,0,1,0,0,0
9524,350,400,637,148,1,0,1,0,0,0,1,0,0,1,0,0,0
9525,500,450,1143,183,1,1,0,0,0,1,0,0,0,1,0,0,0
9526,350,400,943,446,1,0,1,0,0,1,0,0,0,0,1,0,0
9527,350,400,1762,620,1,0,1,0,0,0,1,0,0,0,0,1,0
9528,500,450,0,382,0,1,0,0,0,0,1,0,0,1,0,0,0
9529,500,450,1785,659,1,1,0,0,0,0,1,0,1,0,0,0,0
9530,500,450,1716,426,1,1,0,0,0,0,1,0,0,0,1,0,0
9531,350,400,571,36,1,0,1,0,0,0,1,0,1,0,0,0,0
9532,350,400,0,885,0,0,1,0,0,0,1,1,0,0,0,0,0
9533,350,400,644,210,1,0,1,0,0,0,1,0,0,1,0,0,0
9534,350,400,633,131,1,0,1,0,0,0,1,0,0,1,0,0,0
9535,350,400,0,8711,0,0,1,0,0,1,0,0,0,0,1,0,0
9536,350,400,1980,722,1,0,1,0,0,0,1,0,0,0,0,1,0
9537,350,400,1888,314,1,0,1,0,1,0,0,0,0,0,1,0,0
9538,350,400,1116,32,1,0,1,0,0,0,1,0,0,1,0,0,0
9539,700,500,1339,308,1,0,0,1,0,1,0,0,0,0,0,1,0
9540,700,500,646,49,1,0,0,1,0,0,1,0,0,1,0,0,0
9541,350,400,1560,729,1,0,1,0,0,0,1,0,0,0,1,0,0
9542,500,450,521,112,1,1,0,0,0,0,1,1,0,0,0,0,0
9543,350,400,79,35,1,0,1,0,0,1,0,0,0,0,1,0,0
9544,350,400,0,3290,0,0,1,0,0,0,1,1,0,0,0,0,0
9545,350,400,0,119,0,0,1,0,0,0,1,0,0,0,1,0,0
9546,350,400,1818,624,1,0,1,0,0,0,1,0,0,0,0,1,0
9547,700,500,1068,341,1,0,0,1,1,0,0,1,0,0,0,0,0
9548,350,400,1290,642,1,0,1,0,0,0,1,0,0,1,0,0,0
9549,350,400,1800,112,1,0,1,0,0,0,1,0,0,0,0,1,0
9550,350,400,0,5189,0,0,1,0,0,1,0,1,0,0,0,0,0
9551,350,400,751,296,1,0,1,0,0,0,1,1,0,0,0,0,0
9552,350,400,1809,885,1,0,1,0,0,0,1,0,0,1,0,0,0
9553,350,400,146,25,1,0,1,0,0,1,0,0,0,1,0,0,0
9554,350,400,0,3982,0,0,1,0,0,0,1,0,0,1,0,0,0
9555,350,400,1185,121,1,0,1,0,0,0,1,0,1,0,0,0,0
9556,500,450,0,9555,0,1,0,0,0,0,1,0,0,1,0,0,0
9557,350,400,0,378,0,0,1,0,0,0,1,0,0,0,1,0,0
9558,350,400,1834,819,1,0,1,0,0,0,1,0,0,1,0,0,0
9559,350,400,1887,654,1,0,1,0,0,1,0,0,0,1,0,0,0
9560,350,400,961,147,1,0,1,0,0,0,1,0,0,0,0,1,0
9561,500,450,0,6588,0,1,0,0,0,0,1,1,0,0,0,0,0
9562,500,450,0,9766,0,1,0,0,0,0,1,1,0,0,0,0,0
9563,500,450,1076,257,1,1,0,0,0,1,0,0,0,0,1,0,0
9564,350,400,515,52,1,0,1,0,0,0,1,0,0,0,0,1,0
9565,350,400,1974,123,1,0,1,0,1,0,0,0,0,0,1,0,0
9566,350,400,1677,603,1,0,1,0,0,0,1,0,0,1,0,0,0
9567,350,400,0,3397,0,0,1,0,0,0,1,0,1,0,0,0,0
9568,350,400,0,2642,0,0,1,0,0,0,1,0,0,0,1,0,0
9569,350,400,333,48,1,0,1,0,0,0,1,0,0,0,0,1,0
9570,350,400,205,101,1,0,1,0,0,0,1,0,0,1,0,0,0
9571,350,400,1590,671,1,0,1,0,0,0,1,0,0,0,0,1,0
9572,350,400,119,53,1,0,1,0,0,0,1,0,0,1,0,0,0
9573,350,400,1001,302,1,0,1,0,0,0,1,1,0,0,0,0,0
9574,350,400,24,7,1,0,1,0,0,0,1,0,0,1,0,0,0
9575,350,400,1695,117,1,0,1,0,0,0,1,0,0,0,1,0,0
9576,700,500,1717,666,1,0,0,1,1,0,0,0,0,1,0,0,0
9577,350,400,0,5106,0,0,1,0,0,1,0,1,0,0,0,0,0
9578,350,400,524,144,1,0,1,0,0,1,0,0,0,1,0,0,0
9579,500,450,0,6594,0,1,0,0,0,0,1,0,1,0,0,0,0
9580,350,400,1797,47,1,0,1,0,0,1,0,1,0,0,0,0,0
9581,350,400,0,599,0,0,1,0,1,0,0,0,0,1,0,0,0
9582,350,400,0,902,0,0,1,0,0,1,0,0,1,0,0,0,0
9583,350,400,0,668,0,0,1,0,0,0,1,0,0,1,0,0,0
9584,500,450,1892,416,1,1,0,0,0,1,0,1,0,0,0,0,0
9585,700,500,0,9445,0,0,0,1,0,1,0,0,1,0,0,0,0
9586,350,400,89,7,1,0,1,0,0,1,0,0,0,0,0,1,0
9587,350,400,1576,183,1,0,1,0,0,0,1,1,0,0,0,0,0
9588,350,400,0,8810,0,0,1,0,0,1,0,0,0,0,1,0,0
9589,350,400,1947,244,1,0,1,0,0,0,1,1,0,0,0,0,0
9590,700,500,0,7248,0,0,0,1,1,0,0,0,1,0,0,0,0
9591,500,450,0,1601,0,1,0,0,0,1,0,0,0,1,0,0,0
9592,350,400,321,104,1,0,1,0,0,0,1,0,0,0,0,1,0
9593,700,500,844,129,1,0,0,1,0,0,1,0,0,0,0,1,0
9594,350,400,464,201,1,0,1,0,1,0,0,0,0,0,1,0,0
9595,350,400,1662,494,1,0,1,0,1,0,0,0,1,0,0,0,0
9596,700,500,650,95,1,0,0,1,0,0,1,0,0,0,0,1,0
9597,350,400,0,8431,0,0,1,0,0,1,0,0,1,0,0,0,0
9598,500,450,1009,439,1,1,0,0,0,1,0,1,0,0,0,0,0
9599,700,500,1762,349,1,0,0,1,0,0,1,0,0,0,1,0,0
9600,350,400,809,292,1,0,1,0,0,0,1,1,0,0,0,0,0
9601,350,400,0,5214,0,0,1,0,1,0,0,1,0,0,0,0,0
9602,350,400,1765,31,1,0,1,0,0,1,0,0,0,1,0,0,0
9603,500,450,537,11,1,1,0,0,0,0,1,0,1,0,0,0,0
9604,500,450,1390,339,1,1,0,0,0,0,1,0,1,0,0,0,0
9605,700,500,470,225,1,0,0,1,0,0,1,0,0,0,0,1,0
9606,350,400,1493,105,1,0,1,0,0,1,0,0,0,1,0,0,0
9607,700,500,1021,116,1,0,0,1,0,0,1,0,0,0,1,0,0
9608,350,400,1668,61,1,0,1,0,0,1,0,1,0,0,0,0,0
9609,350,400,1488,8,1,0,1,0,1,0,0,0,0,1,0,0,1
9610,500,450,382,73,1,1,0,0,0,0,1,0,0,1,0,0,0
9611,350,400,1223,64,1,0,1,0,0,1,0,0,0,1,0,0,0
9612,500,450,1578,598,1,1,0,0,1,0,0,0,1,0,0,0,0
9613,350,400,1801,875,1,0,1,0,0,0,1,1,0,0,0,0,0
9614,500,450,0,1196,0,1,0,0,0,0,1,0,0,1,0,0,0
9615,350,400,0,8976,0,0,1,0,0,1,0,0,0,0,0,1,0
9616,500,450,1537,562,1,1,0,0,0,0,1,0,0,0,1,0,0
9617,350,400,0,4713,0,0,1,0,0,0,1,0,0,0,1,0,0
9618,350,400,0,6391,0,0,1,0,0,1,0,0,0,0,1,0,0
9619,500,450,1327,435,1,1,0,0,0,0,1,0,0,0,1,0,0
9620,500,450,1288,382,1,1,0,0,0,1,0,0,0,0,0,1,0
9621,350,400,1237,474,1,0,1,0,0,0,1,1,0,0,0,0,0
9622,350,400,940,438,1,0,1,0,0,0,1,0,0,0,1,0,0
9623,350,400,1260,544,1,0,1,0,0,0,1,0,0,1,0,0,0
9624,350,400,241,73,1,0,1,0,0,0,1,0,0,0,1,0,0
9625,500,450,715,255,1,1,0,0,0,0,1,0,0,1,0,0,0
9626,700,500,953,348,1,0,0,1,0,1,0,0,0,0,1,0,0
9627,500,450,567,210,1,1,0,0,0,0,1,0,1,0,0,0,0
9628,500,450,1435,580,1,1,0,0,1,0,0,0,0,0,1,0,0
9629,350,400,1396,470,1,0,1,0,1,0,0,0,0,0,0,1,0
9630,350,400,1971,556,1,0,1,0,0,0,1,0,0,1,0,0,0
9631,350,400,1128,319,1,0,1,0,0,0,1,0,0,0,1,0,0
9632,350,400,0,9601,0,0,1,0,1,0,0,0,0,1,0,0,0
9633,350,400,1019,416,1,0,1,0,0,0,1,0,0,0,1,0,0
9634,350,400,0,100,0,0,1,0,0,0,1,0,0,0,1,0,0
9635,700,500,1888,22,1,0,0,1,0,0,1,1,0,0,0,0,1
9636,350,400,0,5189,0,0,1,0,0,0,1,0,0,0,0,1,0
9637,500,450,524,64,1,1,0,0,0,1,0,0,0,1,0,0,0
9638,700,500,644,85,1,0,0,1,0,0,1,0,0,0,0,1,0
9639,350,400,1557,648,1,0,1,0,0,1,0,0,0,0,1,0,0
9640,350,400,347,60,1,0,1,0,0,0,1,0,0,0,0,1,0
9641,350,400,1427,30,1,0,1,0,0,1,0,0,0,1,0,0,0
9642,350,400,123,20,1,0,1,0,1,0,0,0,0,1,0,0,0
9643,350,400,0,273,0,0,1,0,0,1,0,0,0,0,1,0,0
9644,500,450,1935,691,1,1,0,0,1,0,0,0,0,1,0,0,0
9645,700,500,0,4223,0,0,0,1,0,0,1,0,0,1,0,0,0
9646,350,400,0,7602,0,0,1,0,0,1,0,0,0,0,1,0,0
9647,350,400,0,9081,0,0,1,0,0,0,1,0,0,0,1,0,0
9648,350,400,0,3297,0,0,1,0,0,0,1,0,0,1,0,0,0
9649,350,400,1887,2,1,0,1,0,0,0,1,0,0,0,1,0,1
9650,350,400,1741,232,1,0,1,0,1,0,0,0,1,0,0,0,0
9651,350,400,1156,203,1,0,1,0,0,0,1,0,0,0,0,1,0
9652,700,500,1960,813,1,0,0,1,0,0,1,0,0,1,0,0,0
9653,350,400,1843,428,1,0,1,0,1,0,0,0,0,1,0,0,0
9654,350,400,611,149,1,0,1,0,0,0,1,0,0,1,0,0,0
9655,350,400,0,2207,0,0,1,0,0,0,1,0,1,0,0,0,0
9656,350,400,816,293,1,0,1,0,0,0,1,0,0,1,0,0,0
9657,700,500,0,7514,0,0,0,1,0,1,0,1,0,0,0,0,0
9658,500,450,0,9664,0,1,0,0,0,0,1,0,0,0,1,0,0
9659,350,400,221,103,1,0,1,0,0,1,0,0,0,0,0,1,0
9660,500,450,0,1434,0,1,0,0,0,0,1,0,0,0,1,0,0
9661,350,400,1788,329,1,0,1,0,0,1,0,0,0,1,0,0,0
9662,500,450,1088,13,1,1,0,0,1,0,0,1,0,0,0,0,0
9663,350,400,108,29,1,0,1,0,0,1,0,0,0,1,0,0,0
9664,350,400,637,58,1,0,1,0,0,1,0,0,0,0,0,1,0
9665,350,400,709,23,1,0,1,0,0,0,1,0,0,1,0,0,0
9666,500,450,427,16,1,1,0,0,0,0,1,0,0,0,0,1,0
9667,350,400,0,6176,0,0,1,0,0,1,0,0,0,0,0,1,0
9668,700,500,386,71,1,0,0,1,0,1,0,1,0,0,0,0,0
9669,350,400,505,125,1,0,1,0,0,1,0,0,0,1,0,0,0
9670,350,400,990,445,1,0,1,0,0,0,1,0,0,1,0,0,0
9671,350,400,1634,771,1,0,1,0,0,0,1,1,0,0,0,0,0
9672,500,450,1508,509,1,1,0,0,0,0,1,0,1,0,0,0,0
9673,700,500,0,4168,0,0,0,1,0,0,1,0,0,1,0,0,0
9674,350,400,1346,85,1,0,1,0,0,0,1,1,0,0,0,0,0
9675,350,400,1484,476,1,0,1,0,0,0,1,0,0,1,0,0,0
9676,500,450,78,5,1,1,0,0,0,0,1,0,0,0,0,1,0
9677,350,400,1263,208,1,0,1,0,0,0,1,0,1,0,0,0,0
9678,700,500,1080,354,1,0,0,1,0,0,1,1,0,0,0,0,0
9679,500,450,1678,808,1,1,0,0,0,0,1,1,0,0,0,0,0
9680,700,500,0,173,0,0,0,1,0,0,1,0,0,0,0,1,0
9681,350,400,1988,593,1,0,1,0,0,0,1,0,0,0,1,0,0
9682,700,500,0,5336,0,0,0,1,0,0,1,0,0,1,0,0,0
9683,350,400,1124,533,1,0,1,0,0,1,0,0,0,0,1,0,0
9684,500,450,32,12,1,1,0,0,0,1,0,0,1,0,0,0,0
9685,350,400,0,3385,0,0,1,0,0,1,0,0,1,0,0,0,0
9686,500,450,252,99,1,1,0,0,0,1,0,0,0,0,1,0,0
9687,350,400,33,1,1,0,1,0,0,1,0,0,0,0,1,0,0
9688,500,450,0,604,0,1,0,0,1,0,0,0,0,0,1,0,0
9689,350,400,0,3229,0,0,1,0,0,1,0,0,0,1,0,0,0
9690,350,400,1045,188,1,0,1,0,0,0,1,1,0,0,0,0,0
9691,350,400,0,8659,0,0,1,0,1,0,0,0,0,0,0,1,0
9692,350,400,573,92,1,0,1,0,0,0,1,0,0,0,1,0,0
9693,350,400,1908,207,1,0,1,0,0,0,1,0,0,0,0,1,0
9694,350,400,580,192,1,0,1,0,0,0,1,0,0,1,0,0,0
9695,350,400,0,6268,0,0,1,0,0,0,1,0,0,0,1,0,0
9696,350,400,0,7272,0,0,1,0,0,0,1,0,0,0,1,0,0
9697,350,400,0,371,0,0,1,0,0,0,1,0,0,1,0,0,0
9698,350,400,343,34,1,0,1,0,0,1,0,0,0,1,0,0,0
9699,500,450,490,13,1,1,0,0,1,0,0,0,1,0,0,0,0
9700,350,400,768,368,1,0,1,0,0,0,1,0,0,1,0,0,0
9701,350,400,334,16,1,0,1,0,0,0,1,0,1,0,0,0,0
9702,350,400,1538,472,1,0,1,0,0,1,0,0,0,0,0,1,0
9703,350,400,806,364,1,0,1,0,0,0,1,0,0,0,0,1,0
9704,500,450,1376,487,1,1,0,0,0,0,1,0,0,1,0,0,0
9705,350,400,0,2377,0,0,1,0,1,0,0,0,0,0,0,1,0
9706,700,500,1580,234,1,0,0,1,0,0,1,0,0,0,1,0,0
9707,350,400,454,200,1,0,1,0,1,0,0,0,0,1,0,0,0
9708,500,450,0,6818,0,1,0,0,0,0,1,1,0,0,0,0,0
9709,350,400,206,3,1,0,1,0,0,0,1,0,0,0,1,0,0
9710,350,400,0,3171,0,0,1,0,0,1,0,0,0,0,0,1,0
9711,350,400,1001,497,1,0,1,0,0,0,1,0,0,1,0,0,0
9712,350,400,1029,314,1,0,1,0,0,1,0,0,0,0,0,1,0
9713,700,500,304,74,1,0,0,1,1,0,0,0,0,0,1,0,0
9714,350,400,1259,605,1,0,1,0,0,1,0,0,0,0,0,1,0
9715,700,500,815,164,1,0,0,1,0,0,1,0,0,0,1,0,0
9716,350,400,0,401,0,0,1,0,0,1,0,0,0,1,0,0,0
9717,350,400,1023,271,1,0,1,0,0,0,1,0,0,1,0,0,0
9718,700,500,1928,478,1,0,0,1,0,0,1,0,0,1,0,0,0
9719,700,500,1932,458,1,0,0,1,0,1,0,0,0,0,1,0,0
9720,700,500,416,45,1,0,0,1,0,1,0,0,0,0,0,1,0
9721,350,400,740,323,1,0,1,0,0,1,0,0,0,0,0,1,0
9722,350,400,603,270,1,0,1,0,1,0,0,0,0,1,0,0,0
9723,350,400,530,31,1,0,1,0,0,1,0,0,1,0,0,0,0
9724,350,400,1019,157,1,0,1,0,0,1,0,0,0,1,0,0,0
9725,350,400,0,7141,0,0,1,0,0,0,1,0,0,0,0,1,0
9726,350,400,0,1225,0,0,1,0,0,0,1,0,0,0,0,1,0
9727,350,400,0,4586,0,0,1,0,0,0,1,0,0,1,0,0,0
9728,350,400,1597,450,1,0,1,0,0,0,1,0,0,0,1,0,0
9729,500,450,1862,733,1,1,0,0,0,0,1,0,1,0,0,0,0
9730,350,400,0,5247,0,0,1,0,1,0,0,0,0,0,1,0,0
9731,500,450,310,52,1,1,0,0,0,0,1,0,1,0,0,0,0
9732,350,400,1834,532,1,0,1,0,0,0,1,1,0,0,0,0,0
9733,350,400,0,5181,0,0,1,0,0,0,1,0,0,1,0,0,0
9734,500,450,952,46,1,1,0,0,0,0,1,1,0,0,0,0,0
9735,500,450,1005,178,1,1,0,0,1,0,0,0,0,0,1,0,0
9736,350,400,0,9530,0,0,1,0,0,0,1,0,0,1,0,0,0
9737,350,400,413,167,1,0,1,0,0,0,1,0,0,1,0,0,0
9738,350,400,854,386,1,0,1,0,0,1,0,0,0,0,0,1,0
9739,350,400,1510,572,1,0,1,0,1,0,0,0,0,0,1,0,0
9740,350,400,1564,288,1,0,1,0,0,0,1,1,0,0,0,0,0
9741,350,400,580,175,1,0,1,0,0,1,0,0,0,0,1,0,0
9742,700,500,590,23,1,0,0,1,0,0,1,1,0,0,0,0,0
9743,350,400,1154,26,1,0,1,0,0,1,0,0,0,1,0,0,0
9744,350,400,397,66,1,0,1,0,0,1,0,0,1,0,0,0,0
9745,350,400,1932,594,1,0,1,0,0,0,1,0,0,1,0,0,0
9746,350,400,0,8052,0,0,1,0,0,1,0,1,0,0,0,0,0
9747,500,450,694,340,1,1,0,0,0,1,0,0,0,0,0,1,0
9748,350,400,1923,759,1,0,1,0,0,0,1,0,0,0,0,1,0
9749,350,400,672,281,1,0,1,0,0,1,0,0,0,0,1,0,0
9750,500,450,1673,453,1,1,0,0,0,0,1,0,0,1,0,0,0
9751,350,400,0,2315,0,0,1,0,0,0,1,1,0,0,0,0,0
9752,700,500,1371,113,1,0,0,1,0,0,1,0,0,1,0,0,0
9753,500,450,1146,221,1,1,0,0,0,0,1,0,0,0,1,0,0
9754,350,400,392,107,1,0,1,0,0,1,0,0,0,1,0,0,0
9755,350,400,1217,526,1,0,1,0,0,0,1,0,0,1,0,0,0
9756,350,400,538,156,1,0,1,0,0,0,1,0,1,0,0,0,0
9757,350,400,1197,430,1,0,1,0,0,0,1,0,0,1,0,0,0
9758,700,500,1516,152,1,0,0,1,0,0,1,0,0,0,0,1,0
9759,350,400,1103,213,1,0,1,0,0,1,0,1,0,0,0,0,0
9760,350,400,0,3836,0,0,1,0,0,0,1,0,0,0,0,1,0
9761,700,500,974,12,1,0,0,1,0,1,0,0,0,0,0,1,0
9762,500,450,0,5914,0,1,0,0,0,1,0,0,0,1,0,0,0
9763,350,400,1589,108,1,0,1,0,0,0,1,0,1,0,0,0,0
9764,350,400,0,6503,0,0,1,0,0,1,0,0,0,0,1,0,0
9765,500,450,0,8906,0,1,0,0,0,0,1,1,0,0,0,0,0
9766,350,400,563,36,1,0,1,0,0,0,1,0,0,0,1,0,0
9767,350,400,1591,751,1,0,1,0,0,0,1,0,0,0,0,1,0
9768,350,400,454,28,1,0,1,0,0,1,0,1,0,0,0,0,0
9769,350,400,919,203,1,0,1,0,0,0,1,0,1,0,0,0,0
9770,350,400,1658,132,1,0,1,0,0,0,1,0,0,0,1,0,0
9771,350,400,0,7418,0,0,1,0,0,0,1,1,0,0,0,0,0
9772,700,500,0,9427,0,0,0,1,0,0,1,0,1,0,0,0,0
9773,350,400,0,8922,0,0,1,0,0,1,0,0,0,1,0,0,0
9774,500,450,857,69,1,1,0,0,0,0,1,1,0,0,0,0,0
9775,350,400,714,244,1,0,1,0,0,1,0,1,0,0,0,0,0
9776,700,500,0,1834,0,0,0,1,0,0,1,0,0,1,0,0,0
9777,500,450,0,5978,0,1,0,0,0,0,1,0,0,0,1,0,0
9778,350,400,101,36,1,0,1,0,0,1,0,0,0,0,1,0,0
9779,500,450,816,258,1,1,0,0,0,0,1,0,0,0,0,1,0
9780,350,400,1567,676,1,0,1,0,0,0,1,1,0,0,0,0,0
9781,500,450,261,44,1,1,0,0,0,1,0,1,0,0,0,0,0
9782,350,400,0,5875,0,0,1,0,1,0,0,0,0,0,0,1,0
9783,350,400,973,373,1,0,1,0,1,0,0,0,0,1,0,0,0
9784,350,400,46,11,1,0,1,0,0,0,1,1,0,0,0,0,0
9785,350,400,621,259,1,0,1,0,0,0,1,1,0,0,0,0,0
9786,350,400,0,2386,0,0,1,0,0,0,1,1,0,0,0,0,0
9787,350,400,648,19,1,0,1,0,0,0,1,0,0,0,1,0,0
9788,500,450,0,9514,0,1,0,0,0,0,1,0,0,0,1,0,0
9789,350,400,0,728,0,0,1,0,0,0,1,1,0,0,0,0,0
9790,350,400,425,70,1,0,1,0,0,1,0,0,0,0,1,0,0
9791,350,400,0,4759,0,0,1,0,0,0,1,1,0,0,0,0,0
9792,350,400,1447,420,1,0,1,0,0,0,1,0,0,0,1,0,0
9793,350,400,1872,935,1,0,1,0,0,0,1,0,0,0,0,1,0
9794,350,400,0,8686,0,0,1,0,0,0,1,0,0,0,1,0,0
9795,350,400,641,95,1,0,1,0,0,1,0,1,0,0,0,0,0
9796,350,400,183,46,1,0,1,0,0,1,0,0,0,1,0,0,0
9797,500,450,1788,199,1,1,0,0,0,1,0,0,0,0,1,0,0
9798,350,400,1883,46,1,0,1,0,0,0,1,0,0,1,0,0,0
9799,350,400,1154,558,1,0,1,0,0,0,1,0,1,0,0,0,0
9800,500,450,1836,683,1,1,0,0,0,0,1,0,0,0,0,1,0
9801,700,500,1689,288,1,0,0,1,0,1,0,0,0,0,0,1,0
9802,350,400,497,59,1,0,1,0,0,0,1,1,0,0,0,0,0
9803,500,450,160,37,1,1,0,0,0,0,1,0,0,0,0,1,0
9804,350,400,1243,542,1,0,1,0,0,0,1,0,0,1,0,0,0
9805,700,500,0,7599,0,0,0,1,0,0,1,0,1,0,0,0,0
9806,350,400,512,86,1,0,1,0,0,0,1,0,0,0,1,0,0
9807,350,400,25,1,1,0,1,0,0,0,1,0,0,0,0,1,1
9808,500,450,1083,459,1,1,0,0,0,1,0,0,0,1,0,0,0
9809,500,450,1435,601,1,1,0,0,0,0,1,0,0,0,0,1,0
9810,350,400,408,127,1,0,1,0,0,0,1,1,0,0,0,0,0
9811,700,500,388,86,1,0,0,1,0,0,1,0,0,0,1,0,0
9812,350,400,1700,408,1,0,1,0,0,0,1,0,0,0,1,0,0
9813,350,400,1367,300,1,0,1,0,0,1,0,1,0,0,0,0,0
9814,500,450,61,16,1,1,0,0,0,1,0,0,0,0,1,0,0
9815,350,400,593,58,1,0,1,0,0,0,1,0,0,0,1,0,0
9816,500,450,1036,355,1,1,0,0,0,0,1,1,0,0,0,0,0
9817,500,450,1325,112,1,1,0,0,0,0,1,1,0,0,0,0,0
9818,350,400,1257,237,1,0,1,0,0,0,1,0,0,0,0,1,0
9819,350,400,468,41,1,0,1,0,0,0,1,0,1,0,0,0,0
9820,500,450,52,12,1,1,0,0,0,0,1,0,0,1,0,0,0
9821,350,400,29,6,1,0,1,0,0,0,1,0,0,1,0,0,0
9822,350,400,0,802,0,0,1,0,0,0,1,0,0,0,1,0,0
9823,500,450,1969,702,1,1,0,0,0,0,1,0,0,0,0,1,0
9824,350,400,438,207,1,0,1,0,0,1,0,0,0,0,0,1,0
9825,500,450,1157,452,1,1,0,0,0,0,1,0,0,1,0,0,0
9826,500,450,0,3464,0,1,0,0,0,0,1,0,0,0,1,0,0
9827,350,400,1884,781,1,0,1,0,0,0,1,0,1,0,0,0,0
9828,350,400,0,4363,0,0,1,0,0,1,0,0,0,0,0,1,0
9829,350,400,434,23,1,0,1,0,0,0,1,0,0,0,0,1,0
9830,350,400,923,203,1,0,1,0,0,0,1,0,0,1,0,0,0
9831,350,400,1817,753,1,0,1,0,1,0,0,0,0,0,1,0,0
9832,500,450,730,125,1,1,0,0,0,0,1,0,0,0,0,1,0
9833,350,400,491,90,1,0,1,0,0,0,1,0,1,0,0,0,0
9834,350,400,91,21,1,0,1,0,0,1,0,1,0,0,0,0,0
9835,350,400,510,71,1,0,1,0,0,1,0,0,1,0,0,0,0
9836,350,400,0,7794,0,0,1,0,0,1,0,0,0,1,0,0,0
9837,350,400,602,64,1,0,1,0,0,1,0,0,0,1,0,0,0
9838,500,450,1402,370,1,1,0,0,0,0,1,0,1,0,0,0,0
9839,350,400,1359,163,1,0,1,0,0,1,0,0,0,1,0,0,0
9840,500,450,283,11,1,1,0,0,0,0,1,0,0,1,0,0,0
9841,350,400,874,48,1,0,1,0,0,1,0,0,0,0,1,0,0
9842,350,400,1372,226,1,0,1,0,0,0,1,1,0,0,0,0,0
9843,350,400,1818,794,1,0,1,0,0,0,1,1,0,0,0,0,0
9844,500,450,535,120,1,1,0,0,0,0,1,0,0,0,1,0,0
9845,500,450,1047,34,1,1,0,0,0,1,0,0,1,0,0,0,0
9846,350,400,722,80,1,0,1,0,0,0,1,0,0,1,0,0,0
9847,350,400,928,463,1,0,1,0,0,1,0,0,0,1,0,0,0
9848,500,450,294,108,1,1,0,0,0,1,0,0,0,0,1,0,0
9849,500,450,0,6716,0,1,0,0,0,1,0,0,0,0,0,1,0
9850,350,400,1470,477,1,0,1,0,0,0,1,0,1,0,0,0,0
9851,700,500,1007,257,1,0,0,1,0,0,1,0,0,1,0,0,0
9852,350,400,487,119,1,0,1,0,0,0,1,0,0,1,0,0,0
9853,500,450,696,296,1,1,0,0,0,1,0,0,0,1,0,0,0
9854,350,400,0,1700,0,0,1,0,0,0,1,1,0,0,0,0,0
9855,350,400,1992,631,1,0,1,0,0,0,1,0,0,1,0,0,0
9856,700,500,1023,287,1,0,0,1,0,0,1,1,0,0,0,0,0
9857,350,400,371,134,1,0,1,0,0,1,0,0,0,0,0,1,0
9858,350,400,685,310,1,0,1,0,0,1,0,0,0,0,1,0,0
9859,350,400,0,4083,0,0,1,0,0,1,0,1,0,0,0,0,0
9860,350,400,0,1857,0,0,1,0,0,0,1,0,0,1,0,0,0
9861,350,400,1203,268,1,0,1,0,0,0,1,0,0,0,1,0,0
9862,350,400,697,172,1,0,1,0,0,0,1,0,0,1,0,0,0
9863,350,400,1923,399,1,0,1,0,0,0,1,1,0,0,0,0,0
9864,350,400,333,78,1,0,1,0,0,0,1,0,0,1,0,0,0
9865,350,400,391,115,1,0,1,0,0,1,0,0,0,0,1,0,0
9866,350,400,1741,803,1,0,1,0,0,0,1,1,0,0,0,0,0
9867,700,500,18,3,1,0,0,1,0,0,1,1,0,0,0,0,0
9868,350,400,1628,474,1,0,1,0,0,0,1,0,0,1,0,0,0
9869,350,400,165,70,1,0,1,0,0,0,1,0,0,0,0,1,0
9870,350,400,1067,187,1,0,1,0,1,0,0,1,0,0,0,0,0
9871,500,450,1099,312,1,1,0,0,0,1,0,0,0,1,0,0,0
9872,350,400,78,17,1,0,1,0,0,0,1,1,0,0,0,0,0
9873,350,400,817,242,1,0,1,0,0,1,0,0,0,0,0,1,0
9874,350,400,616,271,1,0,1,0,0,1,0,0,0,0,1,0,0
9875,350,400,274,105,1,0,1,0,0,0,1,0,0,0,1,0,0
9876,350,400,0,5187,0,0,1,0,0,1,0,0,0,0,0,1,0
9877,350,400,1628,722,1,0,1,0,0,0,1,0,0,1,0,0,0
9878,350,400,0,2577,0,0,1,0,0,0,1,0,0,0,0,1,0
9879,350,400,1525,367,1,0,1,0,0,0,1,0,0,1,0,0,0
9880,350,400,0,5801,0,0,1,0,0,0,1,1,0,0,0,0,0
9881,500,450,1089,17,1,1,0,0,0,0,1,0,0,0,1,0,0
9882,500,450,0,6402,0,1,0,0,0,0,1,0,0,1,0,0,0
9883,350,400,0,6796,0,0,1,0,0,0,1,0,0,0,1,0,0
9884,350,400,927,288,1,0,1,0,0,1,0,0,0,0,0,1,0
9885,350,400,1269,294,1,0,1,0,0,0,1,0,0,0,1,0,0
9886,350,400,1664,60,1,0,1,0,0,1,0,0,0,0,1,0,0
9887,350,400,0,3375,0,0,1,0,1,0,0,0,0,1,0,0,0
9888,350,400,0,8380,0,0,1,0,0,1,0,0,0,1,0,0,0
9889,350,400,1917,834,1,0,1,0,0,0,1,0,0,0,1,0,0
9890,350,400,212,47,1,0,1,0,0,0,1,0,0,1,0,0,0
9891,350,400,800,164,1,0,1,0,0,1,0,0,0,0,1,0,0
9892,700,500,0,8505,0,0,0,1,0,0,1,0,0,0,0,1,0
9893,350,400,58,4,1,0,1,0,0,1,0,0,1,0,0,0,0
9894,350,400,808,310,1,0,1,0,0,0,1,1,0,0,0,0,0
9895,350,400,0,7039,0,0,1,0,0,0,1,0,0,1,0,0,0
9896,350,400,1469,242,1,0,1,0,1,0,0,0,1,0,0,0,0
9897,350,400,1608,650,1,0,1,0,0,1,0,0,0,1,0,0,0
9898,350,400,715,66,1,0,1,0,0,0,1,0,0,0,0,1,0
9899,350,400,153,3,1,0,1,0,0,1,0,0,0,0,1,0,0
9900,350,400,528,107,1,0,1,0,0,0,1,0,0,1,0,0,0
9901,350,400,1318,286,1,0,1,0,0,0,1,0,1,0,0,0,0
9902,700,500,263,122,1,0,0,1,0,0,1,1,0,0,0,0,0
9903,350,400,0,1763,0,0,1,0,0,0,1,0,0,1,0,0,0
9904,500,450,0,2461,0,1,0,0,0,1,0,1,0,0,0,0,0
9905,700,500,1308,53,1,0,0,1,0,0,1,0,0,1,0,0,0
9906,350,400,875,152,1,0,1,0,0,0,1,0,0,0,0,1,0
9907,350,400,1166,258,1,0,1,0,0,0,1,0,0,1,0,0,0
9908,500,450,1111,432,1,1,0,0,0,0,1,0,0,0,1,0,0
9909,500,450,1801,100,1,1,0,0,1,0,0,1,0,0,0,0,0
9910,350,400,0,1806,0,0,1,0,0,1,0,0,0,0,0,1,0
9911,350,400,614,266,1,0,1,0,0,1,0,0,0,1,0,0,0
9912,350,400,964,76,1,0,1,0,1,0,0,0,0,0,0,1,0
9913,350,400,535,251,1,0,1,0,0,0,1,0,0,0,1,0,0
9914,350,400,1034,116,1,0,1,0,0,1,0,0,0,1,0,0,0
9915,350,400,1563,465,1,0,1,0,0,0,1,1,0,0,0,0,0
9916,500,450,470,90,1,1,0,0,0,1,0,1,0,0,0,0,0
9917,350,400,1988,423,1,0,1,0,0,0,1,0,0,0,0,1,0
9918,700,500,0,4564,0,0,0,1,0,0,1,1,0,0,0,0,0
9919,350,400,1964,114,1,0,1,0,0,0,1,1,0,0,0,0,0
9920,700,500,1273,35,1,0,0,1,0,1,0,0,0,0,1,0,0
9921,700,500,426,119,1,0,0,1,0,1,0,0,0,0,1,0,0
9922,350,400,1292,122,1,0,1,0,0,0,1,0,1,0,0,0,0
9923,350,400,938,120,1,0,1,0,0,0,1,0,0,0,1,0,0
9924,500,450,206,20,1,1,0,0,0,1,0,0,0,0,0,1,0
9925,500,450,455,129,1,1,0,0,0,1,0,0,1,0,0,0,0
9926,350,400,1220,480,1,0,1,0,0,0,1,1,0,0,0,0,0
9927,350,400,102,6,1,0,1,0,0,0,1,0,0,1,0,0,0
9928,350,400,0,3763,0,0,1,0,0,1,0,1,0,0,0,0,0
9929,350,400,0,5041,0,0,1,0,0,1,0,1,0,0,0,0,0
9930,350,400,1353,408,1,0,1,0,0,1,0,1,0,0,0,0,0
9931,350,400,1610,765,1,0,1,0,0,0,1,1,0,0,0,0,0
9932,350,400,352,80,1,0,1,0,0,0,1,1,0,0,0,0,0
9933,350,400,0,6692,0,0,1,0,0,0,1,1,0,0,0,0,0
9934,350,400,1631,619,1,0,1,0,0,0,1,0,0,1,0,0,0
9935,350,400,0,6550,0,0,1,0,0,0,1,0,0,0,1,0,0
9936,350,400,492,10,1,0,1,0,0,0,1,0,0,0,1,0,0
9937,350,400,31,9,1,0,1,0,0,1,0,1,0,0,0,0,0
9938,350,400,1709,350,1,0,1,0,0,0,1,0,0,1,0,0,0
9939,350,400,1019,493,1,0,1,0,0,0,1,0,0,0,1,0,0
9940,700,500,661,190,1,0,0,1,0,0,1,1,0,0,0,0,0
9941,350,400,438,147,1,0,1,0,0,0,1,0,0,0,1,0,0
9942,350,400,1065,35,1,0,1,0,0,1,0,0,0,0,1,0,0
9943,350,400,71,6,1,0,1,0,0,0,1,0,0,0,0,1,0
9944,350,400,954,162,1,0,1,0,0,0,1,0,1,0,0,0,0
9945,350,400,184,76,1,0,1,0,0,0,1,0,0,0,1,0,0
9946,500,450,90,18,1,1,0,0,0,1,0,0,0,1,0,0,0
9947,350,400,299,142,1,0,1,0,1,0,0,0,0,0,1,0,0
9948,350,400,298,22,1,0,1,0,0,0,1,0,0,1,0,0,0
9949,350,400,257,118,1,0,1,0,0,1,0,0,0,1,0,0,0
9950,350,400,1236,369,1,0,1,0,0,0,1,0,0,0,1,0,0
9951,350,400,261,8,1,0,1,0,0,0,1,1,0,0,0,0,0
9952,350,400,0,490,0,0,1,0,1,0,0,0,0,0,1,0,0
9953,500,450,1155,516,1,1,0,0,0,1,0,0,0,1,0,0,0
9954,350,400,0,8769,0,0,1,0,0,0,1,0,0,0,1,0,0
9955,350,400,442,64,1,0,1,0,0,1,0,0,0,1,0,0,0
9956,350,400,112,40,1,0,1,0,0,0,1,0,1,0,0,0,0
9957,350,400,1261,46,1,0,1,0,0,0,1,0,0,1,0,0,0
9958,350,400,0,148,0,0,1,0,0,1,0,0,0,1,0,0,0
9959,350,400,0,4818,0,0,1,0,1,0,0,1,0,0,0,0,0
9960,700,500,0,4325,0,0,0,1,0,0,1,0,0,0,1,0,0
9961,350,400,1622,691,1,0,1,0,0,0,1,1,0,0,0,0,0
9962,500,450,1704,263,1,1,0,0,0,0,1,0,0,0,1,0,0
9963,500,450,480,71,1,1,0,0,0,1,0,0,0,1,0,0,0
9964,350,400,1537,339,1,0,1,0,0,1,0,1,0,0,0,0,0
9965,350,400,0,3444,0,0,1,0,0,1,0,0,0,1,0,0,0
9966,350,400,665,84,1,0,1,0,0,0,1,0,0,1,0,0,0
9967,350,400,469,43,1,0,1,0,0,1,0,0,0,1,0,0,0
9968,350,400,1469,362,1,0,1,0,0,1,0,0,0,0,1,0,0
9969,350,400,0,4743,0,0,1,0,0,0,1,0,0,1,0,0,0
9970,500,450,990,79,1,1,0,0,1,0,0,1,0,0,0,0,0
9971,350,400,0,288,0,0,1,0,1,0,0,0,0,1,0,0,0
9972,500,450,1062,400,1,1,0,0,0,0,1,1,0,0,0,0,0
9973,350,400,1032,299,1,0,1,0,0,0,1,0,1,0,0,0,0
9974,350,400,0,2102,0,0,1,0,0,1,0,1,0,0,0,0,0
9975,350,400,465,147,1,0,1,0,0,1,0,0,1,0,0,0,0
9976,350,400,1961,542,1,0,1,0,0,0,1,1,0,0,0,0,0
9977,350,400,1311,142,1,0,1,0,0,1,0,0,0,1,0,0,0
9978,350,400,1190,133,1,0,1,0,0,0,1,0,0,1,0,0,0
9979,700,500,1552,521,1,0,0,1,0,0,1,0,0,0,1,0,0
9980,350,400,0,1230,0,0,1,0,0,1,0,0,0,0,0,1,0
9981,700,500,515,125,1,0,0,1,0,0,1,0,0,0,0,1,0
9982,350,400,893,52,1,0,1,0,0,1,0,0,0,1,0,0,0
9983,500,450,0,3192,0,1,0,0,0,0,1,0,0,0,0,1,0
9984,350,400,1613,103,1,0,1,0,0,1,0,0,0,1,0,0,0
9985,350,400,180,43,1,0,1,0,0,0,1,1,0,0,0,0,0
9986,350,400,0,9772,0,0,1,0,0,1,0,0,0,1,0,0,1
9987,350,400,922,378,1,0,1,0,0,0,1,0,1,0,0,0,0
9988,350,400,0,2637,0,0,1,0,0,0,1,0,0,0,1,0,0
9989,350,400,73,6,1,0,1,0,0,0,1,0,0,0,0,1,0
9990,350,400,911,233,1,0,1,0,0,1,0,0,0,0,0,1,0
9991,350,400,1175,445,1,0,1,0,0,0,1,0,1,0,0,0,0
9992,350,400,814,287,1,0,1,0,0,1,0,0,0,1,0,0,0
9993,350,400,0,6740,0,0,1,0,0,0,1,0,0,1,0,0,0
9994,500,450,1352,421,1,1,0,0,0,1,0,1,0,0,0,0,0
9995,350,400,1931,842,1,0,1,0,0,0,1,0,0,0,1,0,0
9996,350,400,0,8299,0,0,1,0,0,0,1,0,0,0,0,1,0
9997,700,500,0,2635,0,0,0,1,1,0,0,0,1,0,0,0,0
9998,500,450,1436,627,1,1,0,0,0,1,0,0,0,0,1,0,0
9999,700,500,1766,225,1,0,0,1,0,0,1,0,1,0,0,0,0
